0,-0.018849,0.0059871,0.036317,53.383,-43.603,5.686,28.888,0.04862,0.010474,0.0017952,0,-0.025772,0.019742,0.010397,5.3548,-45.521,-4.1881,26.496,-0.011506,0.003459,-0.0077134,0
0.031,-0.022472,0.0079267,0.051414,-7.7651,3.1095,2.883,34.375,0.074033,0.01574,0.0013977,0.0014527,-0.032466,0.027166,0.021412,-1.5326,0.94556,-2.7834,37.126,-0.015226,0.0047009,-0.011282,0.00015357
0.048,-0.025281,0.0099189,0.067135,-7.7651,3.1095,2.883,39.316,0.079753,0.016709,-7.634e-05,0.0021241,-0.040429,0.034156,0.033853,-1.5326,0.94556,-2.7834,46.781,-0.013349,0.0044204,-0.01127,0.00047799
0.084,-0.027173,0.011895,0.082218,-7.7651,3.1095,2.883,43.42,0.081123,0.016844,-0.0010786,0.0044389,-0.050212,0.040091,0.045752,-1.5326,0.94556,-2.7834,54.843,-0.011046,0.0041303,-0.010275,0.00069229
0.103,-0.028086,0.013798,0.095424,-7.7651,3.1095,2.883,46.51,0.089743,0.018641,-0.0011423,0.0055234,-0.062199,0.044547,0.054843,-1.5326,0.94556,-2.7834,60.916,-0.011361,0.0046361,-0.010295,0.0010053
0.133,-0.027957,0.015588,0.10574,-7.7651,3.1095,2.883,48.533,0.099271,0.020639,-0.0010716,0.0077639,-0.07637,0.047357,0.059051,-1.5326,0.94556,-2.7834,64.875,-0.012153,0.0052115,-0.010398,0.0012207
0.151,-0.026696,0.017229,0.1126,-7.7651,3.1095,2.883,49.557,0.10377,0.021544,-0.0011957,0.008997,-0.092196,0.048618,0.056994,-1.5326,0.94556,-2.7834,66.867,-0.011921,0.0053901,-0.0097269,0.0015354
0.181,-0.024214,0.018694,0.11597,-7.7651,3.1095,2.883,49.748,0.10814,0.022489,-0.0009766,0.011616,-0.10861,0.048637,0.048391,-1.5326,0.94556,-2.7834,67.258,-0.01239,0.0056901,-0.0091762,0.0017134
0.199,-0.020505,0.019959,0.11644,-7.7651,3.1095,2.883,49.33,0.1157,0.024208,-0.00020227,0.013069,-0.12415,0.047855,0.034229,-1.5326,0.94556,-2.7834,66.536,-0.014536,0.0063794,-0.0093631,0.001985
0.235,-0.015739,0.021008,0.11506,-7.7651,3.1095,2.883,48.55,0.12233,0.025756,0.00066119,0.016752,-0.13724,0.046749,0.01667,-1.5326,0.94556,-2.7834,65.215,-0.017006,0.0070296,-0.0097471,0.0021711
0.253,-0.010344,0.021835,0.11318,-7.7651,3.1095,2.883,47.63,0.12645,0.02674,0.0013032,0.018412,-0.14655,0.045748,-0.0013672,-1.5326,0.94556,-2.7834,63.755,-0.019075,0.0074398,-0.010195,0.0023533
0.284,-0.0050184,0.022449,0.11217,-7.7651,3.1095,2.883,46.752,0.13158,0.027905,0.0018466,0.021855,-0.15134,0.045165,-0.016784,-1.5326,0.94556,-2.7834,62.493,-0.021488,0.0078712,-0.011257,0.0025714
0.301,-0.00064684,0.022872,0.1131,-7.7651,3.1095,2.883,46.035,0.13827,0.029382,0.0024118,0.023582,-0.15166,0.045159,-0.026922,-1.5326,0.94556,-2.7834,61.62,-0.02434,0.0083877,-0.012848,0.0026804
0.332,0.0018632,0.02314,0.11653,-7.7651,3.1095,2.883,45.533,0.1436,0.030561,0.0030546,0.027364,-0.14841,0.045723,-0.030133,-1.5326,0.94556,-2.7834,61.192,-0.026947,0.0088367,-0.01435,0.0030743
0.348,0.0017971,0.023296,0.12243,-7.7651,3.1095,2.883,45.251,0.14766,0.031515,0.0040095,0.029127,-0.14324,0.046698,-0.026097,-1.5326,0.94556,-2.7834,61.155,-0.029474,0.0093222,-0.015704,0.0031435
0.385,-0.0011551,0.023379,0.13017,-7.7651,3.1095,2.883,45.154,0.15267,0.032745,0.0054514,0.034132,-0.1382,0.047805,-0.015868,-1.5326,0.94556,-2.7834,61.392,-0.032506,0.010025,-0.01712,0.0039489
0.403,-0.006798,0.023421,0.13868,-7.7651,3.1095,2.883,45.185,0.158,0.034062,0.007147,0.036364,-0.13534,0.048696,-0.001608,-1.5326,0.94556,-2.7834,61.765,-0.035645,0.010786,-0.018278,0.0041474
0.433,-0.014398,0.023442,0.14669,-7.7651,3.1095,2.883,45.286,0.16188,0.03504,0.0087301,0.040593,-0.13626,0.04902,0.013882,-1.5326,0.94556,-2.7834,62.148,-0.038201,0.011373,-0.018828,0.0048903
0.451,-0.022862,0.023443,0.15305,-7.7651,3.1095,2.883,45.404,0.16509,0.035892,0.01025,0.042981,-0.14178,0.048505,0.02775,-1.5326,0.94556,-2.7834,62.458,-0.040529,0.011875,-0.019007,0.0051868
0.48,-0.030976,0.023419,0.15694,-7.7651,3.1095,2.883,45.502,0.16886,0.036959,0.012134,0.04728,-0.1517,0.047021,0.037629,-1.5326,0.94556,-2.7834,62.653,-0.043503,0.012489,-0.019057,0.0060471
0.498,-0.03762,0.023356,0.15802,-7.7651,3.1095,2.883,45.56,0.17226,0.038051,0.014581,0.049799,-0.16485,0.044643,0.042099,-1.5326,0.94556,-2.7834,62.729,-0.047304,0.013187,-0.018803,0.0064467
0.535,-0.04217,0.023284,0.1565,-7.7651,3.1095,2.883,45.58,0.17448,0.038957,0.01723,0.055679,-0.17924,0.041654,0.04087,-1.5326,0.94556,-2.7834,62.709,-0.051481,0.013821,-0.018267,0.0079279
0.552,-0.044297,0.023165,0.153,-7.7651,3.1095,2.883,45.564,0.17657,0.03984,0.019572,0.058128,-0.19247,0.038521,0.034716,-1.5326,0.94556,-2.7834,62.626,-0.055707,0.014333,-0.017897,0.0084184
0.583,-0.043931,0.023007,0.14854,-7.7651,3.1095,2.883,45.524,0.17921,0.040789,0.021585,0.063136,-0.2022,0.035808,0.025247,-1.5326,0.94556,-2.7834,62.513,-0.060057,0.014746,-0.017897,0.0098351
0.599,-0.041788,0.022725,0.14413,-7.7651,3.1095,2.883,45.465,0.18154,0.04165,0.023681,0.065492,-0.20661,0.034058,0.014518,-1.5326,0.94556,-2.7834,62.39,-0.064798,0.01512,-0.018048,0.010411
0.636,-0.040146,0.02214,0.14008,-7.7651,3.1095,2.883,45.392,0.1831,0.042425,0.026039,0.071758,-0.20485,0.033679,0.0046129,-1.5326,0.94556,-2.7834,62.273,-0.069942,0.015531,-0.018276,0.012537
0.653,-0.039496,0.021237,0.13735,-7.7651,3.1095,2.883,45.308,0.18469,0.043252,0.028351,0.074375,-0.19718,0.034835,-0.0027621,-1.5326,0.94556,-2.7834,62.181,-0.075015,0.015987,-0.018746,0.01336
0.684,-0.040254,0.019761,0.13692,-7.7651,3.1095,2.883,45.204,0.18668,0.04404,0.030365,0.07967,-0.18498,0.037405,-0.0065361,-1.5326,0.94556,-2.7834,62.104,-0.079498,0.016434,-0.019419,0.015371
0.703,-0.041917,0.018173,0.13914,-7.7651,3.1095,2.883,45.09,0.18836,0.044645,0.032305,0.08274,-0.17048,0.040997,-0.0063346,-1.5326,0.94556,-2.7834,62.06,-0.083479,0.016899,-0.020045,0.016523
0.733,-0.042898,0.017177,0.14395,-7.7651,3.1095,2.883,44.985,0.18936,0.045199,0.034555,0.08796,-0.15624,0.04504,-0.0024765,-1.5326,0.94556,-2.7834,62.07,-0.087363,0.017507,-0.020533,0.018718
0.751,-0.04257,0.017601,0.1506,-7.7651,3.1095,2.883,44.922,0.19029,0.04586,0.037218,0.090902,-0.14468,0.048883,0.0042007,-1.5326,0.94556,-2.7834,62.15,-0.091218,0.018309,-0.020919,0.019937
0.787,-0.040573,0.020217,0.15718,-7.7651,3.1095,2.883,44.946,0.19155,0.046537,0.040164,0.097396,-0.13751,0.051946,0.012579,-1.5326,0.94556,-2.7834,62.315,-0.094873,0.019233,-0.021112,0.022939
0.805,-0.039884,0.024935,0.16147,-7.7651,3.1095,2.883,45.109,0.1925,0.04717,0.043216,0.10039,-0.13539,0.053822,0.021458,-1.5326,0.94556,-2.7834,62.568,-0.098384,0.020192,-0.021005,0.024306
0.836,-0.045458,0.030426,0.16147,-7.7651,3.1095,2.883,45.456,0.19277,0.047923,0.04616,0.106,-0.13787,0.054339,0.02977,-1.5326,0.94556,-2.7834,62.903,-0.10181,0.021115,-0.020673,0.027061
0.853,-0.062712,0.034451,0.15542,-7.7651,3.1095,2.883,46.004,0.19301,0.048828,0.048832,0.10885,-0.14352,0.053565,0.03664,-1.5326,0.94556,-2.7834,63.299,-0.10509,0.021968,-0.020217,0.028454
0.884,-0.094919,0.034019,0.14332,-7.7651,3.1095,2.883,46.727,0.1931,0.049678,0.051346,0.11452,-0.1503,0.051756,0.041416,-1.5326,0.94556,-2.7834,63.724,-0.10848,0.022802,-0.019586,0.031429
0.9,-0.14007,0.026714,0.12712,-7.7651,3.1095,2.883,47.537,0.19142,0.050385,0.053897,0.11718,-0.15618,0.049275,0.043716,-1.5326,0.94556,-2.7834,64.13,-0.11248,0.02371,-0.01872,0.03284
0.937,-0.18844,0.012581,0.11087,-7.7651,3.1095,2.883,48.281,0.18751,0.050966,0.056339,0.12399,-0.15957,0.046497,0.043346,-1.5326,0.94556,-2.7834,64.475,-0.11698,0.024655,-0.017732,0.036755
0.956,-0.22352,-0.0067459,0.10028,-7.7651,3.1095,2.883,48.752,0.18316,0.051166,0.058321,0.12717,-0.15962,0.043761,0.040296,-1.5326,0.94556,-2.7834,64.714,-0.12126,0.025482,-0.01681,0.038675
0.985,-0.22535,-0.026595,0.10117,-7.7651,3.1095,2.883,48.708,0.17936,0.050703,0.059953,0.1322,-0.15638,0.041324,0.034724,-1.5326,0.94556,-2.7834,64.816,-0.12511,0.026145,-0.016046,0.041913
1.004,-0.17791,-0.040393,0.11807,-7.7651,3.1095,2.883,47.912,0.17524,0.049795,0.061872,0.13525,-0.15054,0.039321,0.027001,-1.5326,0.94556,-2.7834,64.762,-0.12896,0.026755,-0.015433,0.043991
1.034,-0.077495,-0.041477,0.15251,-7.7651,3.1095,2.883,46.176,0.17175,0.048873,0.064552,0.1403,-0.14314,0.037786,0.017746,-1.5326,0.94556,-2.7834,64.559,-0.13284,0.027377,-0.014964,0.047591
1.052,0.060558,-0.024442,0.20113,-7.7651,3.1095,2.883,43.401,0.17202,0.048067,0.068069,0.14309,-0.13518,0.036682,0.0077616,-1.5326,0.94556,-2.7834,64.233,-0.13636,0.027955,-0.014671,0.049686
1.082,0.19898,0.012195,0.25575,-7.7651,3.1095,2.883,39.607,0.17618,0.047676,0.072726,0.14821,-0.12733,0.035927,-0.0019752,-1.5326,0.94556,-2.7834,63.832,-0.1396,0.028485,-0.0146,0.053507
1.099,0.28236,0.065309,0.30356,-7.4064,3.1095,2.883,34.947,0.18128,0.048547,0.079117,0.15096,-0.11992,0.035401,-0.01046,-1.5326,0.94556,-2.7834,63.408,-0.14307,0.029072,-0.014753,0.055593
1.135,0.24829,0.12646,0.32951,-7.0478,3.1095,2.883,29.695,0.1866,0.051123,0.087019,0.15773,-0.11286,0.035042,-0.016761,-1.5326,0.94556,-2.7834,63.014,-0.1466,0.029748,-0.015057,0.060497
1.153,0.043412,0.18258,0.31885,-7.0478,3.1095,2.883,24.21,0.19164,0.054773,0.094887,0.16098,-0.10617,0.034706,-0.020253,-1.5326,0.94556,-2.7834,62.686,-0.14966,0.030377,-0.015413,0.062857
1.183,-0.35884,0.21805,0.26,-7.0478,3.1095,2.883,18.89,0.18896,0.058917,0.10106,0.16685,-0.099053,0.034441,-0.02076,-1.5326,0.94556,-2.7834,62.437,-0.15237,0.030897,-0.015762,0.067091
1.199,-0.94633,0.21612,0.14935,-5.5846,3.0165,2.8353,14.111,0.1689,0.063728,0.10495,0.16968,-0.092722,0.03404,-0.018379,-1.5326,0.94556,-2.7834,62.262,-0.15521,0.031454,-0.016085,0.069254
1.236,-1.663,0.16219,-0.0078491,-4.1215,2.9236,2.7875,10.171,0.13111,0.068652,0.10634,0.17619,-0.089085,0.032917,-0.0136,-1.5326,0.94556,-2.7834,62.134,-0.15812,0.032143,-0.016327,0.074763
1.255,-2.4148,0.046253,-0.19693,-1.1696,2.3255,2.0279,7.2541,0.081199,0.071465,0.10415,0.1788,-0.08997,0.031188,-0.0070937,-1.5326,0.94556,-2.7834,62.02,-0.16083,0.032799,-0.016404,0.077509
1.284,-3.0881,-0.13399,-0.39508,1.7823,1.7274,1.2683,5.3955,0.017307,0.069832,0.096882,0.18221,-0.096951,0.029113,0.00026514,-1.5326,0.94556,-2.7834,61.896,-0.16354,0.033265,-0.016251,0.081934
1.301,-3.5699,-0.37176,-0.57767,3.2731,1.1276,-0.87573,4.5147,-0.066915,0.062583,0.084028,0.18425,-0.10925,0.027474,0.0076687,-1.5326,0.94556,-2.7834,61.763,-0.16662,0.03369,-0.015862,0.084459
1.338,-3.7745,-0.65063,-0.72209,4.7638,0.52786,-3.0198,4.4297,-0.16617,0.048902,0.06661,0.19015,-0.12361,0.027265,0.014348,-1.5326,0.94556,-2.7834,61.65,-0.17015,0.03427,-0.015269,0.090417
1.355,-3.6607,-0.9414,-0.81366,4.8719,-0.42277,-4.3349,4.8955,-0.26341,0.028251,0.046676,0.19456,-0.13395,0.029553,0.019402,-1.5326,0.94556,-2.7834,61.614,-0.17399,0.0349,-0.014526,0.09307
1.386,-3.2403,-1.2057,-0.84908,4.9801,-1.3734,-5.65,5.6454,-0.34666,0.0017116,0.02638,0.20447,-0.13335,0.034843,0.021876,-1.5326,0.94556,-2.7834,61.723,-0.17787,0.035454,-0.01369,0.098246
1.404,-2.5773,-1.4013,-0.835,5.013,-1.6571,-7.4154,6.4367,-0.41497,-0.028792,0.0068407,0.21192,-0.11576,0.042341,0.020948,-1.5326,0.94556,-2.7834,62.031,-0.1813,0.036133,-0.012811,0.10121
1.434,-1.772,-1.488,-0.78674,5.046,-1.9407,-9.1808,7.0808,-0.4685,-0.062818,-0.01231,0.22568,-0.079752,0.049638,0.016159,-1.5326,0.94556,-2.7834,62.545,-0.18401,0.037149,-0.011962,0.10641
1.451,-0.94122,-1.4393,-0.72003,5.046,-1.9407,-10.766,7.4727,-0.50387,-0.10004,-0.03156,0.23463,-0.030688,0.053239,0.0075643,-1.5326,0.94556,-2.7834,63.191,-0.186,0.038348,-0.011251,0.1093
1.488,-0.19553,-1.2504,-0.64532,5.046,-1.9407,-12.351,7.5798,-0.51995,-0.13642,-0.04987,0.25438,0.018272,0.04945,-0.003725,-1.5326,0.94556,-2.7834,63.815,-0.18696,0.039489,-0.010761,0.11593
1.505,0.3851,-0.94144,-0.56706,5.046,-1.9407,-13.172,7.4434,-0.5202,-0.16539,-0.065451,0.26421,0.04907,0.035514,-0.015678,-1.5326,0.94556,-2.7834,64.162,-0.18657,0.040484,-0.010508,0.11885
1.536,0.7621,-0.55747,-0.48173,5.046,-1.9407,-13.993,7.1534,-0.50878,-0.18347,-0.077934,0.28154,0.043351,0.011939,-0.025452,-1.5326,0.94556,-2.7834,63.909,-0.18581,0.041076,-0.010475,0.12437
1.554,0.94324,-0.16081,-0.38237,3.7251,-1.7536,-14.632,6.8136,-0.48921,-0.19186,-0.088309,0.29179,-0.010514,-0.017844,-0.029581,-1.5326,0.94556,-2.7834,62.717,-0.18629,0.040832,-0.010631,0.12747
1.588,0.97696,0.18272,-0.26545,2.4042,-1.5666,-15.272,6.52,-0.46574,-0.19237,-0.096746,0.30991,-0.11034,-0.046589,-0.024843,-1.5326,0.94556,-2.7834,60.286,-0.18864,0.03978,-0.010815,0.13359
1.607,0.93501,0.41961,-0.13479,1.6312,-1.4756,-16.181,6.3355,-0.44256,-0.18581,-0.10207,0.31997,-0.23619,-0.064595,-0.0094325,-1.5326,0.94556,-2.7834,56.429,-0.19302,0.038413,-0.010697,0.13694
1.638,0.89406,0.52237,-0.0051161,0.85821,-1.3847,-17.091,6.2626,-0.42188,-0.17459,-0.10359,0.33524,-0.35031,-0.062341,0.016434,-1.5326,0.94556,-2.7834,51.12,-0.20027,0.036984,-0.009994,0.14276
1.655,0.91623,0.4971,0.10112,0.85821,-1.0746,-17.091,6.2536,-0.40307,-0.16289,-0.10209,0.34358,-0.40263,-0.03245,0.049516,-1.5326,0.94556,-2.7834,44.527,-0.21007,0.035656,-0.0086285,0.14596
1.686,1.0327,0.38158,0.16086,0.85821,-0.76449,-17.091,6.2166,-0.38225,-0.15339,-0.098859,0.35746,-0.34144,0.026934,0.083789,-1.5326,0.94556,-2.7834,36.997,-0.21918,0.03536,-0.0065263,0.15227
1.702,1.2386,0.23434,0.15905,0.70083,-0.76449,-17.091,6.048,-0.35477,-0.14636,-0.094863,0.36458,-0.12652,0.11062,0.11112,-1.4952,0.53586,-2.7834,29.021,-0.22382,0.037295,-0.0035196,0.15552
1.738,1.4961,0.11755,0.096988,0.54345,-0.76449,-17.091,5.6771,-0.32022,-0.14181,-0.091194,0.37861,0.25823,0.20585,0.12272,-1.4577,0.12617,-2.7834,21.153,-0.222,0.041543,0.00021289,0.1632
1.756,1.7452,0.078775,-0.0047669,-0.254,-1.0746,-16.236,5.1223,-0.2819,-0.13958,-0.089271,0.38535,0.79673,0.29324,0.11124,-1.4577,0.12617,-2.7834,13.941,-0.21087,0.047383,0.0038796,0.16682
1.786,1.923,0.13744,-0.11006,-1.0515,-1.3847,-15.381,4.5331,-0.24036,-0.13748,-0.090111,0.39506,1.4393,0.35013,0.072548,-1.4577,0.12617,-2.7834,7.8408,-0.18449,0.054712,0.0066212,0.17247
1.804,1.9824,0.28007,-0.17713,-1.0515,-1.4072,-14.536,4.2212,-0.1932,-0.1322,-0.09345,0.40048,2.1091,0.35337,0.0074822,-1.4577,-0.3072,-2.4805,3.1682,-0.13831,0.063501,0.0080574,0.17524
1.84,1.9063,0.46611,-0.17136,-1.0515,-1.4296,-13.69,4.6726,-0.14284,-0.12232,-0.097548,0.4092,2.7155,0.28433,-0.077871,-1.4577,-0.74058,-2.1776,0.059011,-0.074532,0.071979,0.0078937,0.17937
1.858,1.7138,0.64213,-0.078352,-1.2522,-1.5191,-12.78,6.4964,-0.097468,-0.10868,-0.10002,0.41313,3.1712,0.13324,-0.17298,-1.4577,-1.3273,-0.63361,-1.5251,-0.00014962,0.077169,0.005565,0.18068
1.888,1.4546,0.75964,0.090076,-1.453,-1.6086,-11.871,10.36,-0.061824,-0.092315,-0.09907,0.41838,3.4088,-0.097936,-0.26483,-1.4577,-1.914,0.91037,-1.7766,0.078603,0.07717,0.00086798,0.1833
1.907,1.1953,0.79043,0.29876,-1.8193,-1.6086,-11.531,16.888,-0.033276,-0.074188,-0.09385,0.4213,3.3939,-0.39233,-0.34078,-2.4015,-2.666,2.8677,-1.0056,0.15822,0.07124,-0.0056521,0.18615
1.937,0.99943,0.73483,0.49887,-2.1856,-1.6086,-11.191,26.551,-0.0081287,-0.055946,-0.083748,0.42486,3.1303,-0.71908,-0.39142,-3.3453,-3.418,4.8251,0.39771,0.23615,0.057956,-0.01354,0.19257
1.955,0.90941,0.61992,0.64357,-1.6185,-1.6395,-10.993,39.558,0.014519,-0.039383,-0.068637,0.42666,2.658,-1.0364,-0.41225,-4.3155,-4.1613,6.3706,2.0671,0.30865,0.035628,-0.02282,0.19777
1.99,0.93229,0.48889,0.70129,-1.0515,-1.6705,-10.795,55.784,0.036029,-0.025337,-0.050239,0.42912,2.0448,-1.297,-0.40476,-5.2856,-4.9046,7.916,3.6787,0.36977,0.0049537,-0.032888,0.20974
2.008,1.0401,0.38596,0.66708,-0.44985,-1.8723,-10.767,74.761,0.059091,-0.013981,-0.031952,0.43009,1.3705,-1.4573,-0.37464,-5.5984,-5.5876,9.069,5.0082,0.41345,-0.030351,-0.042173,0.21706
2.039,1.177,0.34079,0.56253,0.15176,-2.074,-10.74,95.716,0.084343,-0.0051848,-0.016432,0.43197,0.71361,-1.486,-0.32882,-5.9112,-6.2705,10.222,5.9393,0.43824,-0.065974,-0.049704,0.23045
2.057,1.2759,0.35998,0.42517,0.85809,-2.1862,-10.683,117.68,0.11042,0.0023094,-0.0042361,0.4332,0.13757,-1.3718,-0.27557,-5.9659,-6.3078,11.799,6.4632,0.44787,-0.099039,-0.055848,0.23883
2.086,1.278,0.42576,0.29497,1.5644,-2.2983,-10.625,139.61,0.13705,0.010983,0.0050691,0.43623,-0.31641,-1.128,-0.22087,-6.0206,-6.3452,13.376,6.6512,0.44596,-0.12791,-0.060978,0.25236
2.103,1.1479,0.50327,0.19981,3.6245,-2.5029,-10.278,160.58,0.16431,0.022619,0.011954,0.43824,-0.63302,-0.79118,-0.16662,-6.2446,-6.4977,13.795,6.6134,0.43354,-0.15121,-0.064803,0.26049
2.14,0.88398,0.55344,0.14573,5.6846,-2.7076,-9.9308,179.86,0.1892,0.036605,0.017267,0.44424,-0.82021,-0.41492,-0.11183,-6.4685,-6.6502,14.215,6.4563,0.41316,-0.16728,-0.067377,0.27738
2.158,0.51462,0.54596,0.11627,6.0692,-2.7094,-9.6489,197.06,0.20609,0.050636,0.021819,0.44735,-0.901,-0.058828,-0.051773,-6.2446,-6.6502,15.135,6.2432,0.39032,-0.17452,-0.068951,0.28554
2.189,0.090077,0.46874,0.081598,6.4538,-2.7112,-9.367,212.11,0.21095,0.062629,0.025313,0.45342,-0.90642,0.22463,0.019285,-6.0206,-6.6502,16.056,5.9783,0.36835,-0.1728,-0.068749,0.29872
2.207,-0.33152,0.33116,0.012033,6.6538,-3.0021,-9.0877,225.23,0.20411,0.071621,0.026935,0.45682,-0.86727,0.40166,0.10599,-6.0206,-6.4977,16.056,5.6061,0.34657,-0.16468,-0.065813,0.30615
2.238,-0.69771,0.15962,-0.10687,6.8537,-3.293,-8.8084,236.81,0.18896,0.077262,0.0265,0.46279,-0.80838,0.46416,0.20986,-6.0206,-6.3452,16.056,5.0424,0.32502,-0.1542,-0.060707,0.31794
2.256,-0.97258,-0.011761,-0.26483,6.8551,-3.293,-8.5276,247.29,0.1681,0.079163,0.023625,0.4658,-0.74797,0.42988,0.32725,-6.0206,-6.3452,16.226,4.2059,0.30593,-0.14415,-0.054099,0.32452
2.285,-1.1393,-0.15053,-0.42717,6.8565,-3.293,-8.2468,257.04,0.14139,0.077081,0.016808,0.47027,-0.69793,0.33588,0.44818,-6.0206,-6.3452,16.396,3.0729,0.28904,-0.13534,-0.044531,0.33429
2.302,-1.1991,-0.23631,-0.54433,6.8565,-3.1805,-8.2468,266.26,0.10894,0.071689,0.005322,0.47229,-0.66593,0.22718,0.5577,-5.4597,-5.4841,16.396,1.7117,0.27126,-0.12816,-0.030392,0.33983
2.339,-1.1658,-0.26388,-0.56872,6.8565,-3.0681,-8.2468,274.93,0.074541,0.064737,-0.0086311,0.47603,-0.65861,0.14406,0.63743,-4.8989,-4.623,16.396,0.31397,0.25209,-0.12313,-0.013144,0.35071
2.357,-1.0595,-0.24203,-0.47233,6.8565,-3.0776,-7.9678,282.93,0.043353,0.058069,-0.021102,0.47722,-0.68246,0.1116,0.66878,-4.4514,-4.4758,16.377,-0.80833,0.23397,-0.11981,0.0041952,0.35583
2.387,-0.9038,-0.1892,-0.25872,6.8565,-3.0872,-7.6888,290.03,0.017176,0.052644,-0.028857,0.47901,-0.74246,0.13491,0.63826,-4.004,-4.3286,16.359,-1.2516,0.21659,-0.11656,0.020583,0.36364
2.405,-0.72247,-0.12606,0.033296,6.5696,-3.0776,-7.3227,296.14,-0.0053202,0.048581,-0.029978,0.48006,-0.84022,0.20097,0.54064,-3.8611,-3.8855,16.359,-0.57126,0.19603,-0.11197,0.036198,0.36816
2.441,-0.54023,-0.070472,0.33862,6.2827,-3.0681,-6.9565,301.36,-0.024802,0.045734,-0.023809,0.48216,-0.96944,0.28573,0.38351,-3.7183,-3.4424,16.359,1.6486,0.17044,-0.10541,0.049628,0.37611
2.46,-0.38342,-0.033486,0.5822,6.2136,-2.8721,-6.7619,306.06,-0.040422,0.043922,-0.011495,0.48353,-1.1138,0.36387,0.18808,-3.1207,-2.4576,16.084,5.7287,0.14208,-0.096802,0.058499,0.38001
2.49,-0.27781,-0.018869,0.69991,6.1445,-2.676,-6.5673,310.93,-0.051722,0.042898,0.004484,0.48569,-1.2471,0.41774,-0.012633,-2.5231,-1.4728,15.809,11.835,0.11309,-0.086881,0.061878,0.38525
2.508,-0.24611,-0.024999,0.65648,5.9374,-2.5042,-6.2041,316.85,-0.059873,0.042263,0.021364,0.48729,-1.3361,0.44202,-0.17821,-2.3756,-0.83555,15.004,19.939,0.08304,-0.076835,0.060519,0.38802
2.538,-0.30165,-0.046892,0.45438,5.7303,-2.3323,-5.8408,324.77,-0.068214,0.041323,0.035625,0.49003,-1.346,0.44363,-0.26939,-2.228,-0.19829,14.198,29.803,0.051116,-0.066744,0.056155,0.3916
2.554,-0.44396,-0.079487,0.13472,5.7303,-2.3205,-5.1898,335.49,-0.080935,0.039357,0.043091,0.49185,-1.2514,0.43652,-0.25685,-2.228,-0.19829,13.405,40.998,0.018524,-0.055563,0.05128,0.3932
2.59,-0.65568,-0.11842,-0.23469,5.7303,-2.3086,-4.5388,349.44,-0.099121,0.036329,0.041874,0.49596,-1.0437,0.43379,-0.13006,-2.228,-0.19829,12.611,52.946,-0.011572,-0.043514,0.048069,0.39581
2.608,-0.90192,-0.16053,-0.5769,5.7303,-2.3086,-4.2708,366.54,-0.12023,0.032821,0.033632,0.49849,-0.73605,0.4423,0.098072,-2.228,-0.19829,12.611,65.021,-0.035221,-0.0324,0.047885,0.397
2.637,-1.1367,-0.20244,-0.8241,5.7303,-2.3086,-4.0028,386.1,-0.14447,0.028765,0.019751,0.50286,-0.36428,0.45894,0.3903,-2.228,-0.19829,12.611,76.63,-0.049223,-0.022361,0.053359,0.39898
2.654,-1.3088,-0.24003,-0.9347,5.7303,-2.0064,-4.0028,406.86,-0.17687,0.02313,-0.00065608,0.50603,0.019101,0.47169,0.69062,-4.4236,-0.88644,12.194,87.309,-0.05259,-0.010954,0.068473,0.40028
2.689,-1.3734,-0.26982,-0.90028,5.7303,-1.7041,-4.0028,427.12,-0.21803,0.015576,-0.025913,0.51326,0.35563,0.46465,0.93485,-6.6192,-1.5746,11.778,96.773,-0.046826,0.002789,0.093459,0.40348
2.716,-1.3005,-0.28665,-0.74513,4.1718,-1.1544,-3.0316,444.94,-0.25872,0.0075119,-0.048884,0.52013,0.59269,0.42507,1.063,-7.5679,-2.4809,11.615,104.94,-0.03497,0.015988,0.12222,0.40656
2.741,-1.0807,-0.28569,-0.51822,2.6133,-0.60462,-2.0604,458.49,-0.28963,0.00050313,-0.063345,0.52744,0.69682,0.34902,1.0332,-8.5167,-3.3873,11.453,111.89,-0.020359,0.02559,0.14811,0.41002
2.76,-0.7305,-0.26546,-0.27751,2.2523,-0.34577,-1.7456,466.27,-0.3107,-0.0054995,-0.070133,0.53361,0.66255,0.244,0.83119,-9.3021,-3.4297,10.636,117.79,-0.0055558,0.031899,0.16931,0.41307
2.79,-0.28805,-0.22657,-0.077347,1.8914,-0.08693,-1.4309,467.35,-0.32459,-0.011301,-0.073189,0.54363,0.51425,0.12705,0.47611,-10.087,-3.4721,9.8198,122.88,0.0077892,0.036438,0.18532,0.41844
2.808,0.19248,-0.17378,0.045385,1.6595,0.040952,-0.50759,461.55,-0.32845,-0.016676,-0.073418,0.55001,0.30256,0.019862,0.016889,-10.538,-3.879,9.7137,127.28,0.01794,0.038919,0.19252,0.42195
2.844,0.6483,-0.11553,0.079595,1.4276,0.16883,0.41568,449.38,-0.31914,-0.020606,-0.070646,0.56212,0.091363,-0.058027,-0.47537,-10.989,-4.2859,9.6076,131.05,0.023053,0.038624,0.18745,0.42886
2.861,1.0228,-0.060102,0.037451,1.0737,0.41687,0.74068,431.99,-0.2998,-0.022759,-0.067557,0.56787,-0.053866,-0.095665,-0.92174,-10.989,-4.3609,8.8258,134.11,0.023215,0.036668,0.17094,0.43203
2.892,1.2738,-0.014909,-0.049249,0.71976,0.6649,1.0657,410.95,-0.2748,-0.023647,-0.067035,0.5773,-0.082754,-0.092823,-1.2505,-10.989,-4.4359,8.044,136.35,0.021334,0.034765,0.14597,0.43708
2.91,1.3818,0.014653,-0.13829,0.50135,0.77544,1.985,388.04,-0.24497,-0.023735,-0.068651,0.58249,0.026805,-0.06067,-1.4108,-10.989,-4.4359,7.6115,137.65,0.020924,0.033363,0.11497,0.43958
2.941,1.3548,0.026333,-0.18936,0.28293,0.88597,2.9043,364.94,-0.21263,-0.02324,-0.071022,0.5902,0.26323,-0.017105,-1.3826,-10.989,-4.4359,7.1789,138.02,0.024265,0.032442,0.081713,0.44289
2.959,1.225,0.021339,-0.17244,-0.064435,1.016,3.2387,343.05,-0.18356,-0.022568,-0.074067,0.59436,0.57937,0.019049,-1.179,-10.18,-4.3609,7.144,137.68,0.033354,0.03249,0.051935,0.4444
2.988,1.042,0.0038319,-0.075767,-0.4118,1.1461,3.5731,323.35,-0.15979,-0.022242,-0.076422,0.60012,0.90146,0.033076,-0.84339,-9.3712,-4.2859,7.1091,137.08,0.050386,0.033467,0.029557,0.44647
3.006,0.86159,-0.020067,0.092075,-0.4118,1.1461,3.5731,306.29,-0.13796,-0.022488,-0.074743,0.60347,1.1449,0.01894,-0.44092,-9.2234,-3.788,6.3895,136.98,0.075723,0.0343,0.01522,0.44794
3.041,0.73106,-0.043852,0.30521,-0.4118,1.1461,3.5731,291.86,-0.11725,-0.023239,-0.067732,0.6089,1.2323,-0.020384,-0.045499,-9.0756,-3.2902,5.6699,138.33,0.10628,0.034233,0.0091502,0.45147
3.059,0.67835,-0.06207,0.52627,-0.95908,1.1461,3.7955,279.69,-0.10062,-0.024401,-0.056828,0.61152,1.1135,-0.074545,0.27274,-9.0537,-3.178,5.2859,142.21,0.13618,0.033321,0.011765,0.45388
3.09,0.70499,-0.071439,0.71546,-1.5064,1.1461,4.0178,269.2,-0.086572,-0.025891,-0.041895,0.61516,0.78003,-0.12934,0.45977,-9.0318,-3.0658,4.902,149.71,0.1588,0.031328,0.021143,0.45863
3.106,0.78628,-0.071254,0.8384,-1.5064,0.9469,4.0178,259.76,-0.069057,-0.027562,-0.021246,0.61689,0.27267,-0.17116,0.48601,-9.0318,-3.0658,4.902,161.75,0.16949,0.027699,0.033211,0.46145
3.143,0.87976,-0.063063,0.87301,-1.5064,0.74774,4.0178,250.78,-0.046987,-0.029196,0.0030679,0.6196,-0.32278,-0.18966,0.35026,-9.0318,-3.0658,4.902,178.99,0.16768,0.02292,0.044345,0.46794
3.161,0.9388,-0.049883,0.81262,-1.5064,0.74774,4.0178,241.9,-0.025265,-0.030547,0.025372,0.62077,-0.89274,-0.18084,0.079353,-9.0318,-3.0263,4.4964,201.66,0.15464,0.018441,0.051245,0.4711
3.19,0.92713,-0.035132,0.66692,-1.5064,0.74774,4.0178,232.93,-0.0057282,-0.03143,0.042813,0.6223,-1.3194,-0.14698,-0.27693,-9.0318,-2.9867,4.0908,229.46,0.12994,0.015025,0.049828,0.47552
3.207,0.83051,-0.021571,0.45809,-1.4958,0.51757,3.6802,223.89,0.014282,-0.031901,0.056707,0.62333,-1.5096,-0.09529,-0.65396,-9.4225,-2.9417,3.6864,261.49,0.093979,0.012449,0.037534,0.47771
3.244,0.66128,-0.010665,0.21595,-1.4853,0.2874,3.3425,214.98,0.034012,-0.032171,0.067037,0.62592,-1.4185,-0.036787,-0.98289,-9.8132,-2.8967,3.282,296.21,0.054019,0.010766,0.015904,0.48075
3.262,0.45442,-0.002651,-0.026721,-1.4853,0.2874,3.3425,206.42,0.048321,-0.032298,0.071061,0.62736,-1.063,0.017087,-1.2017,-9.8132,-2.8967,3.282,331.55,0.02169,0.01054,-0.011111,0.48158
3.292,0.25717,0.0037757,-0.24081,-1.4853,0.2874,3.3425,198.47,0.055338,-0.032155,0.068187,0.62992,-0.52041,0.056304,-1.2658,-9.8132,-2.8967,3.282,365.11,0.0033132,0.011745,-0.040068,0.48257
3.311,0.11488,0.0092043,-0.40403,-0.89911,-0.20763,3.2107,191.32,0.058368,-0.031778,0.061175,0.63149,0.090052,0.073611,-1.1562,-10.246,-2.5117,2.9744,394.44,-0.0018884,0.013551,-0.067982,0.48363
3.34,0.05839,0.013401,-0.5048,-0.31293,-0.70265,3.0789,185.05,0.060294,-0.031374,0.051705,0.63383,0.63616,0.066595,-0.8841,-10.679,-2.1268,2.6667,417.38,0.0055036,0.015293,-0.091509,0.48595
3.358,0.095999,0.015857,-0.54254,-0.31293,-0.7938,3.0789,179.68,0.061875,-0.030949,0.039281,0.63513,1.0053,0.037117,-0.48996,-11.075,-2.0141,2.2775,432.39,0.026295,0.016724,-0.10767,0.4878
3.395,0.21253,0.015211,-0.52608,-0.31293,-0.88495,3.0789,175.1,0.064876,-0.030363,0.025054,0.63777,1.1324,-0.0089483,-0.036216,-11.471,-1.9014,1.8882,438.78,0.055687,0.017418,-0.11437,0.49218
3.413,0.37612,0.010952,-0.47241,0.24627,-0.88495,2.5149,171.16,0.071695,-0.029778,0.012409,0.63897,1.0142,-0.062351,0.40134,-11.479,-1.794,1.4959,436.79,0.083351,0.016812,-0.11035,0.49464
3.443,0.54856,0.0036985,-0.40242,0.80547,-0.88495,1.9508,167.69,0.082484,-0.029511,0.0029258,0.64124,0.70644,-0.11294,0.74839,-11.487,-1.6866,1.1036,427.47,0.10269,0.014869,-0.096321,0.49883
3.461,0.69633,-0.004218,-0.33705,1.1611,-0.90197,1.6281,164.49,0.096214,-0.029489,-0.0048595,0.64274,0.30451,-0.1514,0.94778,-11.487,-1.668,0.70333,412.47,0.11383,0.012002,-0.07574,0.50142
3.492,0.79864,-0.0093451,-0.29269,1.5166,-0.91898,1.3054,161.39,0.1132,-0.02943,-0.012321,0.64591,-0.086969,-0.17144,0.97,-11.487,-1.6493,0.30305,393.7,0.11716,0.0084603,-0.052786,0.50556
3.509,0.84908,-0.0087553,-0.27849,2.078,-0.98097,0.74195,158.2,0.13373,-0.029408,-0.019373,0.64789,-0.38275,-0.17097,0.82077,-11.875,-1.6493,0.29684,373.04,0.11129,0.0043731,-0.030535,0.50773
3.545,0.85264,-0.0017035,-0.29446,2.6394,-1.043,0.17845,154.72,0.1559,-0.02953,-0.026264,0.65301,-0.53956,-0.15229,0.53954,-12.263,-1.6493,0.29063,352.07,0.098235,0.00026267,-0.012178,0.51162
3.564,0.81802,0.0085106,-0.33014,3.2025,-1.1158,-0.38772,150.73,0.17703,-0.029416,-0.033938,0.65608,-0.56352,-0.12131,0.19053,-12.263,-1.6079,0.29063,331.9,0.083824,-0.0031084,-0.0017091,0.51345
3.594,0.75121,0.014349,-0.36739,3.7655,-1.1886,-0.95388,145.97,0.19579,-0.028843,-0.042431,0.6616,-0.50032,-0.085833,-0.15087,-12.263,-1.5664,0.29063,313.13,0.071501,-0.005394,-0.0010629,0.51587
3.613,0.64986,0.0059643,-0.38346,4.1234,-1.2385,-1.2624,140.2,0.21187,-0.028413,-0.050943,0.66541,-0.41532,-0.053686,-0.41447,-12.263,-1.501,-0.037103,295.9,0.060615,-0.0068018,-0.0081209,0.51722
3.643,0.50436,-0.025539,-0.35648,4.4814,-1.2884,-1.571,133.15,0.22506,-0.028749,-0.059155,0.67197,-0.36781,-0.030871,-0.55088,-12.263,-1.4355,-0.36483,279.95,0.050586,-0.0076469,-0.019171,0.51903
3.661,0.30394,-0.083904,-0.27211,5.0475,-1.2884,-2.1348,124.63,0.23474,-0.029883,-0.066595,0.67612,-0.38913,-0.020389,-0.54056,-11.367,-1.0008,-0.36483,264.82,0.041687,-0.0081143,-0.03152,0.52009
3.691,0.044337,-0.16372,-0.12794,5.6137,-1.2884,-2.6985,114.56,0.23894,-0.032312,-0.071334,0.6833,-0.47309,-0.021853,-0.39678,-10.471,-0.56609,-0.36483,249.98,0.032098,-0.0084173,-0.042559,0.52174
3.708,-0.26343,-0.24907,0.063719,6.1546,-1.3206,-3.2638,102.99,0.23522,-0.037268,-0.071288,0.68739,-0.58107,-0.032191,-0.16066,-10.471,-0.56609,-0.36483,234.99,0.018971,-0.0088901,-0.049014,0.52271
3.743,-0.59058,-0.31513,0.27711,6.6955,-1.3528,-3.8292,90.137,0.22338,-0.04473,-0.066292,0.69562,-0.65721,-0.046865,0.11095,-10.471,-0.56609,-0.36483,219.56,0.0025491,-0.0097773,-0.0491,0.52451
3.761,-0.89252,-0.33335,0.47755,6.6955,-1.3206,-4.3955,76.419,0.20551,-0.052684,-0.057295,0.69959,-0.65114,-0.061098,0.35853,-10.471,-0.47014,-0.36483,203.69,-0.0139,-0.011017,-0.043572,0.5254
3.792,-1.118,-0.27922,0.62954,6.6955,-1.2884,-4.9619,62.381,0.18231,-0.059323,-0.044372,0.70581,-0.53723,-0.070734,0.53399,-10.471,-0.37418,-0.36483,187.6,-0.027687,-0.012414,-0.033491,0.52676
3.808,-1.2233,-0.14012,0.70565,6.6955,-1.2884,-5.676,48.669,0.15308,-0.063931,-0.027457,0.70863,-0.32454,-0.074333,0.61047,-10.471,-0.37418,-0.36483,171.7,-0.037668,-0.013986,-0.019287,0.52743
3.845,-1.1839,0.078678,0.69409,6.6955,-1.2884,-6.3902,35.941,0.12062,-0.064811,-0.0085708,0.7141,-0.056868,-0.072256,0.5845,-10.471,-0.37418,-0.36483,156.53,-0.042653,-0.015837,-0.0030738,0.52897
3.864,-1.0041,0.35229,0.60304,4.5661,-1.3602,-6.6334,24.789,0.091901,-0.059239,0.0085757,0.71633,0.20196,-0.067187,0.47535,-10.471,-0.069207,-0.32374,142.66,-0.041435,-0.017696,0.010939,0.52977
3.893,-0.71836,0.63965,0.45939,2.4368,-1.4321,-6.8766,15.662,0.071762,-0.046689,0.021374,0.71911,0.38624,-0.063366,0.31723,-10.471,0.23576,-0.28265,130.55,-0.034441,-0.019135,0.020039,0.53097
3.912,-0.38294,0.89203,0.30239,1.35,-1.4321,-7.5217,8.8047,0.059765,-0.02901,0.02981,0.72057,0.44744,-0.063549,0.1488,-9.675,0.23576,-0.22445,120.56,-0.024276,-0.020315,0.024921,0.5317
3.941,-0.063063,1.0638,0.17327,0.26316,-1.4321,-8.1668,4.2364,0.054448,-0.0067167,0.035321,0.72247,0.36785,-0.069402,0.0050765,-8.8789,0.23576,-0.16626,112.87,-0.014654,-0.02184,0.026932,0.53276
3.958,0.18389,1.123,0.10463,0.26316,-1.4321,-8.1668,1.7635,0.056114,0.020868,0.03917,0.72356,0.16326,-0.07907,-0.089729,-7.991,0.30752,-0.16626,107.43,-0.0088199,-0.023822,0.025989,0.53334
3.995,0.32226,1.059,0.1109,0.26316,-1.4321,-8.1668,1.0227,0.063616,0.050782,0.042155,0.72647,-0.12302,-0.087823,-0.125,-7.1031,0.37927,-0.16626,104.01,-0.008467,-0.025894,0.022595,0.5346
4.013,0.34627,0.88463,0.18472,0.26316,-1.4321,-8.1668,1.5397,0.0728,0.076409,0.045415,0.7283,-0.43383,-0.090429,-0.10245,-5.8983,0.37927,0.14745,102.17,-0.014251,-0.027989,0.019205,0.53521
4.043,0.27905,0.63248,0.29909,0.26316,-1.4321,-8.1668,2.8143,0.080267,0.093977,0.050801,0.73194,-0.71256,-0.082792,-0.033042,-4.6936,0.37927,0.46116,101.31,-0.027052,-0.030153,0.017808,0.53639
4.059,0.16391,0.34692,0.41507,-0.12311,-1.4321,-7.8633,4.3838,0.085672,0.10498,0.05974,0.73416,-0.91756,-0.065412,0.06811,-3.8893,0.37927,0.47199,100.74,-0.047329,-0.031943,0.018388,0.53716
4.096,0.050471,0.073821,0.49303,-0.50937,-1.4321,-7.5598,5.8755,0.089384,0.11108,0.071649,0.73975,-1.0276,-0.044564,0.18589,-3.085,0.37927,0.48283,99.754,-0.07295,-0.033098,0.021026,0.53973
4.114,-0.020884,-0.14907,0.5045,-1.0699,-1.4321,-6.9913,7.0448,0.091014,0.11135,0.084174,0.74267,-1.0424,-0.031988,0.30773,-2.2662,0.37309,1.2635,97.693,-0.099495,-0.034145,0.026881,0.54142
4.144,-0.029739,-0.29842,0.44013,-1.6305,-1.4321,-6.4229,7.7783,0.091075,0.10595,0.09516,0.74762,-0.97728,-0.04188,0.42466,-1.4474,0.36692,2.0441,94.039,-0.1235,-0.035397,0.035877,0.54494
4.163,0.019548,-0.3674,0.31205,-1.9717,-2.4103,-6.1209,8.0735,0.091539,0.098017,0.1036,0.75083,-0.85449,-0.084676,0.52888,-1.0368,0.34973,2.4408,88.485,-0.14423,-0.036686,0.046425,0.54764
4.192,0.1014,-0.36354,0.15009,-2.3129,-3.3885,-5.8188,8.0081,0.094001,0.090156,0.10878,0.7557,-0.69836,-0.16151,0.61231,-0.62624,0.33255,2.8376,80.993,-0.16211,-0.039035,0.058585,0.55237
4.209,0.17897,-0.30353,-0.0071968,-2.3129,-3.7029,-5.573,7.7008,0.098679,0.08258,0.11002,0.75859,-0.52898,-0.25871,0.66369,-0.21478,0.32108,3.2347,71.784,-0.17705,-0.044496,0.074078,0.55549
4.246,0.21637,-0.20754,-0.12347,-2.3129,-4.0173,-5.3272,7.2798,0.10491,0.075748,0.10771,0.76477,-0.36168,-0.34724,0.66852,0.19669,0.30962,3.6319,61.317,-0.18851,-0.053081,0.091949,0.56297
4.264,0.19055,-0.094529,-0.1746,-2.3129,-4.4062,-5.2666,6.8524,0.11131,0.071589,0.10356,0.76782,-0.20946,-0.38756,0.61157,0.60913,0.30392,4.0293,50.212,-0.19601,-0.062243,0.10801,0.56694
4.295,0.098055,0.020417,-0.15475,-2.3129,-4.795,-5.206,6.4926,0.11598,0.07114,0.099333,0.77301,-0.082927,-0.33913,0.47992,1.0216,0.29822,4.4268,39.163,-0.1994,-0.070149,0.11974,0.57415
4.311,-0.044169,0.12617,-0.076576,-1.9736,-5.2459,-5.206,6.2327,0.11747,0.07358,0.096144,0.77575,0.0080209,-0.17346,0.27025,1.0297,0.29822,5.23,28.836,-0.19955,-0.076128,0.12769,0.57802
4.348,-0.20433,0.21437,0.033422,-1.6343,-5.6967,-5.206,6.0752,0.11542,0.078057,0.094973,0.78197,0.055554,0.11386,-0.0068529,1.0379,0.29822,6.0331,19.802,-0.19827,-0.077342,0.13097,0.58704
4.365,-0.3451,0.27808,0.14308,-1.6343,-5.8898,-5.206,5.9981,0.11003,0.084378,0.096496,0.78489,0.057164,0.49615,-0.32514,1.8664,0.29822,6.8193,12.45,-0.19685,-0.069425,0.12633,0.59117
4.396,-0.43411,0.31102,0.22367,-1.6343,-6.0828,-5.206,5.976,0.102,0.091897,0.10036,0.79015,0.017325,0.91657,-0.64367,2.6949,0.29822,7.6055,6.9787,-0.19563,-0.051414,0.11307,0.59839
4.415,-0.4518,0.30812,0.25665,-1.6343,-6.0828,-5.5898,5.981,0.092858,0.099444,0.1054,0.79346,-0.051401,1.2987,-0.91453,2.6949,0.23732,7.6055,3.3837,-0.19528,-0.025701,0.093997,0.6026
4.444,-0.3961,0.2672,0.23753,-1.6343,-6.0828,-5.9735,5.9942,0.084451,0.10628,0.11047,0.79851,-0.13088,1.564,-1.0923,2.6949,0.17643,7.6055,1.4851,-0.19696,0.0070238,0.070474,0.60869
4.461,-0.28057,0.19082,0.17452,-1.6343,-6.0828,-5.9735,6.0069,0.078004,0.11199,0.11468,0.80158,-0.20025,1.6522,-1.1454,2.6949,0.17643,7.6055,0.96852,-0.20091,0.047129,0.041858,0.61222
4.498,-0.13011,0.087325,0.084579,-1.6343,-6.0828,-5.9735,6.0179,0.074255,0.11588,0.11725,0.80821,-0.2406,1.5386,-1.0655,2.6949,0.17643,7.6055,1.4364,-0.20614,0.089891,0.011074,0.62013
4.515,0.026595,-0.029621,-0.012455,-1.6343,-5.8763,-6.154,6.0338,0.07403,0.11718,0.11769,0.81137,-0.24071,1.2424,-0.87137,2.28,0.16454,7.6055,2.4672,-0.21162,0.12609,-0.015109,0.62416
4.546,0.16381,-0.14338,-0.099213,-1.6343,-5.6698,-6.3345,6.0602,0.07788,0.11543,0.11572,0.81701,-0.19859,0.82378,-0.60612,1.8651,0.15265,7.6055,3.6785,-0.21645,0.15027,-0.033096,0.632
4.563,0.26414,-0.23738,-0.1651,-1.005,-5.4376,-6.3345,6.0998,0.0853,0.11069,0.11139,0.82016,-0.12154,0.36927,-0.32747,1.0449,0.061932,7.6055,4.7596,-0.21964,0.16363,-0.044776,0.63664
4.599,0.3211,-0.29899,-0.20731,-0.37567,-5.2054,-6.3345,6.1507,0.094841,0.10379,0.10543,0.82655,-0.023026,-0.030287,-0.094108,0.22473,-0.028783,7.6055,5.5117,-0.22068,0.16854,-0.052035,0.64662
4.617,0.33761,-0.32256,-0.22968,0.11743,-4.7123,-6.3756,6.211,0.10497,0.096158,0.099093,0.8298,0.081912,-0.30291,0.048935,-0.18314,-0.028783,7.6236,5.8425,-0.21967,0.16554,-0.054468,0.65172
4.648,0.32418,-0.30949,-0.24057,0.61054,-4.2192,-6.4166,6.2734,0.11477,0.088854,0.092737,0.83522,0.18068,-0.41302,0.080929,-0.591,-0.028783,7.6417,5.7647,-0.21622,0.1567,-0.053547,0.66021
4.666,0.29407,-0.26895,-0.24899,1.1079,-3.7218,-6.4166,6.3281,0.12404,0.082197,0.085826,0.83844,0.26654,-0.36852,0.0093983,-0.591,-0.028783,7.6417,5.3641,-0.20988,0.14696,-0.053534,0.66506
4.696,0.25993,-0.21504,-0.26238,1.6052,-3.2245,-6.4166,6.364,0.13265,0.076563,0.078496,0.84368,0.33849,-0.21541,-0.13362,-0.591,-0.028783,7.6417,4.7678,-0.20167,0.14039,-0.056846,0.67275
4.714,0.23137,-0.16282,-0.28506,1.6052,-2.916,-6.4166,6.3745,0.14034,0.072448,0.071438,0.84694,0.4002,-0.022337,-0.30187,-0.591,0.19507,7.6417,4.1137,-0.193,0.13783,-0.06293,0.67728
4.743,0.21328,-0.12556,-0.31774,1.6052,-2.6074,-6.4166,6.3534,0.14733,0.06947,0.063869,0.85209,0.45653,0.14017,-0.44836,-0.591,0.41891,7.6417,3.5239,-0.18293,0.13879,-0.072108,0.68431
4.76,0.20594,-0.11154,-0.35824,1.6052,-2.0358,-6.3799,6.3012,0.15454,0.066592,0.054083,0.85524,0.51074,0.21891,-0.53761,-0.591,0.51664,7.3358,3.0839,-0.16959,0.14281,-0.085741,0.68845
4.797,0.20548,-0.12314,-0.40213,1.6052,-1.4642,-6.3433,6.2228,0.16229,0.063486,0.04246,0.86192,0.56259,0.19064,-0.5535,-0.591,0.61436,7.03,2.8384,-0.15407,0.1483,-0.10211,0.6972
4.815,0.2051,-0.15652,-0.44415,1.7971,-0.49702,-6.3433,6.1268,0.16968,0.060356,0.031032,0.86535,0.60822,0.064603,-0.50077,-0.091285,1.1118,7.0163,2.7894,-0.13908,0.15207,-0.1168,0.70153
4.844,0.19644,-0.20294,-0.47908,1.9889,0.47016,-6.3433,6.0276,0.17616,0.056538,0.01975,0.87082,0.64212,-0.1245,-0.39997,0.40843,1.6093,7.0026,2.9081,-0.12435,0.15105,-0.12787,0.70835
4.861,0.17082,-0.25102,-0.50214,2.0159,0.92532,-5.8083,5.9368,0.18241,0.050945,0.006566,0.8742,0.65934,-0.33003,-0.27861,0.80909,1.6939,6.5938,3.1437,-0.10748,0.14428,-0.13684,0.71236
4.898,0.12094,-0.28905,-0.51001,2.0429,1.3805,-5.2732,5.8682,0.18863,0.043802,-0.008394,0.88138,0.65817,-0.50849,-0.16141,1.2098,1.7784,6.185,3.4357,-0.088848,0.13295,-0.14437,0.72051
4.916,0.041473,-0.30818,-0.50031,2.0429,1.889,-5.1826,5.8332,0.19322,0.036392,-0.022495,0.88509,0.64095,-0.63115,-0.063308,1.6091,1.8572,5.7739,3.7232,-0.071413,0.11877,-0.14899,0.72436
4.946,-0.069205,-0.3047,-0.47216,2.0429,2.3975,-5.0919,5.8361,0.19459,0.029267,-0.034829,0.89116,0.61362,-0.68951,0.013069,2.0085,1.9359,5.3628,3.9564,-0.055883,0.10258,-0.15035,0.7303
4.965,-0.20864,-0.28077,-0.42612,2.3693,2.582,-4.7389,5.8814,0.19262,0.022153,-0.046937,0.89514,0.58372,-0.69343,0.075607,2.828,2.0166,5.3411,4.0936,-0.040333,0.084799,-0.15008,0.73389
5,-0.37016,-0.24452,-0.36358,2.6957,2.7665,-4.3858,5.9676,0.18738,0.015276,-0.058873,0.90217,0.55781,-0.66406,0.137,3.6475,2.0974,5.3193,4.1176,-0.024281,0.066614,-0.14889,0.7399
5.019,-0.54318,-0.20868,-0.287,3.0213,2.7665,-4.0373,6.0889,0.17812,0.0094308,-0.06841,0.90602,0.53862,-0.62458,0.20867,3.6475,2.0974,5.3193,4.026,-0.0094119,0.049789,-0.14581,0.74301
5.047,-0.71482,-0.18752,-0.19926,3.3469,2.7665,-3.6887,6.2408,0.16488,0.0048608,-0.074659,0.91135,0.52477,-0.59207,0.29541,3.6475,2.0974,5.3193,3.8286,0.0035192,0.035164,-0.14056,0.74726
5.066,-0.8719,-0.19348,-0.10358,3.6718,2.9533,-3.3446,6.4162,0.14879,0.00084855,-0.078948,0.91484,0.51017,-0.57325,0.3939,3.6475,2.0974,5.3193,3.5455,0.01562,0.021957,-0.1339,0.75002
5.096,-1.004,-0.23273,-0.0033881,3.9966,3.1402,-3.0005,6.6049,0.12939,-0.003939,-0.081654,0.91976,0.48635,-0.56463,0.49405,3.6475,2.0974,5.3193,3.2074,0.027933,0.0085369,-0.12516,0.754
5.113,-1.1031,-0.30513,0.097079,4.5934,3.1402,-2.4694,6.7972,0.10451,-0.010995,-0.081409,0.92235,0.44522,-0.55612,0.58289,3.6475,1.6785,5.3193,2.8444,0.040435,-0.0062033,-0.11246,0.75617
5.149,-1.1656,-0.40315,0.19247,5.1902,3.1402,-1.9382,6.9813,0.074468,-0.021009,-0.077866,0.92682,0.38118,-0.53554,0.64883,3.6475,1.2596,5.3193,2.4867,0.052273,-0.021698,-0.096016,0.7603
5.173,-1.1931,-0.5112,0.27648,5.7852,3.0339,-1.4013,7.1444,0.044182,-0.033112,-0.072566,0.92929,0.29315,-0.49467,0.68602,3.9845,0.95433,5.6012,2.1583,0.061927,-0.035833,-0.079017,0.76289
5.198,-1.1902,-0.6096,0.34215,6.3802,2.9275,-0.86433,7.2729,0.018286,-0.045972,-0.066653,0.93148,0.18448,-0.43073,0.69475,4.3216,0.6491,5.8831,1.8753,0.068126,-0.046897,-0.064171,0.76549
5.216,-1.1659,-0.67824,0.38273,6.3802,2.9275,-0.86433,7.3576,-0.0043247,-0.059687,-0.059811,0.93296,0.062019,-0.34684,0.68136,5.0429,0.56451,5.8831,1.6478,0.070976,-0.055234,-0.050841,0.76731
5.246,-1.1303,-0.70058,0.39312,6.3802,2.9275,-0.86433,7.3915,-0.028422,-0.075367,-0.051675,0.93552,-0.065564,-0.25087,0.65594,5.7643,0.47992,5.8831,1.4832,0.071114,-0.062091,-0.036687,0.77026
5.263,-1.0941,-0.66699,0.37142,6.3802,2.9275,-0.86433,7.377,-0.055758,-0.092748,-0.042877,0.93716,-0.19028,-0.15103,0.62745,5.7825,-0.25965,5.9266,1.3841,0.068219,-0.067481,-0.021048,0.77188
5.299,-1.0656,-0.5772,0.31976,6.3802,2.9275,-0.86433,7.3228,-0.083216,-0.10938,-0.034635,0.94152,-0.30587,-0.055114,0.60246,5.8007,-0.99922,5.9702,1.3511,0.061883,-0.070451,-0.0055297,0.77517
5.318,-1.0492,-0.44096,0.24471,6.4237,2.7437,-0.054714,7.2479,-0.10777,-0.12254,-0.028155,0.94422,-0.40895,0.031679,0.58309,5.8845,-1.4096,5.9702,1.3823,0.052993,-0.070839,0.0083164,0.77678
5.348,-1.0435,-0.27677,0.15645,6.4672,2.5599,0.75491,7.1759,-0.13055,-0.13108,-0.024161,0.94921,-0.49878,0.10643,0.56747,5.9684,-1.8199,5.9702,1.4749,0.042448,-0.069285,0.020848,0.7792
5.365,-1.0397,-0.10893,0.066647,6.4672,2.5599,0.75491,7.1353,-0.15454,-0.1354,-0.022548,0.95229,-0.57569,0.16758,0.55152,6.2098,-2.2138,6.2889,1.6245,0.029586,-0.066045,0.033496,0.78046
5.401,-1.0229,0.036849,-0.013683,6.4672,2.5599,0.75491,7.151,-0.17993,-0.13627,-0.022771,0.95973,-0.64002,0.2146,0.53019,6.4513,-2.6076,6.6077,1.823,0.013758,-0.061109,0.046639,0.78311
5.419,-0.97466,0.13837,-0.076748,6.4672,2.2936,1.0732,7.2418,-0.20397,-0.13438,-0.024557,0.9637,-0.69055,0.24684,0.49969,6.4513,-2.6076,6.6077,2.0578,-0.0036376,-0.055107,0.059054,0.78441
5.45,-0.87773,0.18178,-0.11949,6.4672,2.0273,1.3914,7.4099,-0.2244,-0.1306,-0.027726,0.97117,-0.72379,0.26401,0.45812,6.4513,-2.6076,6.6077,2.3115,-0.020557,-0.048993,0.069513,0.78686
5.467,-0.72229,0.16487,-0.1434,6.4672,2.2936,1.3914,7.6411,-0.24093,-0.12636,-0.031706,0.97542,-0.73387,0.26604,0.40595,6.7667,-2.9885,6.6077,2.5658,-0.036807,-0.043081,0.078143,0.78834
5.498,-0.51128,0.098489,-0.15368,6.4672,2.5599,1.3914,7.9025,-0.25353,-0.12325,-0.03596,0.98367,-0.71352,0.25315,0.34581,7.0821,-3.3693,6.6077,2.8021,-0.053529,-0.037113,0.085784,0.79141
5.514,-0.26346,0.0051242,-0.15681,5.5909,2.5599,1.6383,8.1425,-0.26123,-0.12222,-0.040556,0.98798,-0.65589,0.22645,0.28135,7.1018,-3.7513,6.6077,3.0037,-0.070778,-0.031078,0.092623,0.79319
5.551,-0.012623,-0.08547,-0.15813,4.7146,2.5599,1.8852,8.3077,-0.26305,-0.12328,-0.045616,0.99836,-0.55665,0.18729,0.21673,7.1215,-4.1333,6.6077,3.1556,-0.086823,-0.025566,0.098125,0.79777
5.57,0.19867,-0.14234,-0.16008,4.1174,2.5599,1.9206,8.3471,-0.25924,-0.12594,-0.05069,1.0036,-0.41583,0.13757,0.15508,7.1215,-4.1333,6.1711,3.2482,-0.099486,-0.021346,0.10187,0.80038
5.6,0.32867,-0.14061,-0.16147,3.5201,2.5599,1.956,8.227,-0.25127,-0.12929,-0.055313,1.0119,-0.23902,0.079736,0.097949,7.1215,-4.1333,5.7345,3.2834,-0.10744,-0.018772,0.10387,0.80472
5.618,0.34798,-0.067825,-0.15835,2.9835,2.5953,2.0431,7.9454,-0.24152,-0.13182,-0.059671,1.0168,-0.037588,0.01718,0.044577,7.1215,-4.1333,5.7345,3.26,-0.11041,-0.017709,0.10436,0.80743
5.649,0.24925,0.072312,-0.14599,2.4469,2.6307,2.1303,7.5392,-0.23279,-0.13161,-0.064073,1.025,0.17261,-0.045118,-0.0080655,7.1215,-4.1333,5.7345,3.1868,-0.10851,-0.018067,0.10354,0.81207
5.666,0.052513,0.25985,-0.1213,2.1036,2.6307,2.3759,7.0856,-0.22761,-0.12716,-0.068232,1.0293,0.37388,-0.10048,-0.064518,7.1215,-3.7333,5.305,3.0733,-0.10155,-0.019996,0.10147,0.81458
5.702,-0.19706,0.46246,-0.084751,1.7602,2.6307,2.6216,6.6992,-0.22773,-0.11785,-0.071567,1.0386,0.5498,-0.141,-0.12946,7.1215,-3.3334,4.8756,2.9289,-0.08954,-0.023267,0.097893,0.81951
5.719,-0.4383,0.64275,-0.041198,1.7602,2.3807,2.6216,6.5212,-0.23383,-0.10402,-0.073804,1.0428,0.68821,-0.15875,-0.20592,7.193,-3.2779,4.4795,2.7637,-0.073611,-0.027078,0.092451,0.82165
5.75,-0.60865,0.76686,0.0013433,1.7602,2.1308,2.6216,6.7017,-0.24487,-0.087002,-0.074968,1.0507,0.78403,-0.14693,-0.29313,7.2645,-3.2225,4.0835,2.5879,-0.055708,-0.030734,0.085176,0.8251
5.768,-0.65982,0.81225,0.033739,1.5576,2.0855,2.8595,7.3792,-0.2582,-0.068626,-0.075177,1.0553,0.83825,-0.10576,-0.3862,7.2758,-3.1864,3.3119,2.4225,-0.036929,-0.03388,0.07622,0.82682
5.798,-0.57064,0.77279,0.048788,1.355,2.0402,3.0973,8.6653,-0.27088,-0.050212,-0.074749,1.0634,0.85754,-0.043493,-0.47597,7.2871,-3.1504,2.5404,2.2861,-0.016952,-0.035888,0.065124,0.82921
5.815,-0.35274,0.65969,0.044071,1.0125,2.0402,3.1044,10.63,-0.28047,-0.032592,-0.07418,1.068,0.85217,0.026084,-0.55011,7.3447,-2.3351,2.5057,2.1994,0.0046371,-0.036074,0.05116,0.83028
5.851,-0.047612,0.49814,0.023057,0.67002,2.0402,3.1115,13.295,-0.28433,-0.01727,-0.073866,1.078,0.83228,0.084397,-0.59608,7.4023,-1.5198,2.471,2.1868,0.027063,-0.034647,0.034764,0.83219
5.87,0.28437,0.32069,-0.0054032,0.67002,2.0402,3.3423,16.635,-0.28023,-0.0063363,-0.074023,1.0833,0.80606,0.11325,-0.60475,7.4479,-1.4765,2.1011,2.2676,0.048648,-0.032493,0.017956,0.83312
5.9,0.57967,0.15901,-0.0293,0.67002,2.0402,3.5731,20.583,-0.26839,-0.00058601,-0.074795,1.0914,0.77731,0.10036,-0.57325,7.4935,-1.4333,1.7311,2.4471,0.068048,-0.030237,0.002741,0.83496
5.918,0.78775,0.037215,-0.037298,0.67002,2.0402,3.6788,25.044,-0.2513,0.0013346,-0.076047,1.0959,0.74545,0.043422,-0.50665,7.8547,-0.62852,1.3611,2.7205,0.085368,-0.028548,-0.010467,0.8363
5.948,0.88258,-0.032785,-0.021992,0.67002,2.0402,3.7845,29.915,-0.2308,0.0013323,-0.077144,1.1031,0.70597,-0.048433,-0.41792,8.216,0.17625,0.99118,3.0625,0.10213,-0.028771,-0.022281,0.83914
5.965,0.86684,-0.052122,0.017587,1.3475,2.2031,3.7868,35.088,-0.20773,0.00040159,-0.077327,1.1068,0.65241,-0.15715,-0.32471,8.2546,0.21351,0.5798,3.4369,0.11945,-0.031958,-0.032761,0.84103
6.002,0.76794,-0.032333,0.075579,2.0249,2.3659,3.789,40.471,-0.18462,-0.00086686,-0.076279,1.1142,0.5781,-0.26119,-0.24546,8.2931,0.25076,0.16841,3.7903,0.13608,-0.037768,-0.041269,0.84593
6.019,0.62743,0.0092132,0.14077,2.0249,2.3659,3.789,45.983,-0.16545,-0.0015428,-0.073979,1.1171,0.47796,-0.34239,-0.19466,9.0911,0.29205,0.15341,4.069,0.14953,-0.04529,-0.047707,0.84846
6.05,0.48797,0.055067,0.1997,2.0249,2.3659,3.789,51.555,-0.15151,-0.00091609,-0.070221,1.1221,0.35002,-0.39178,-0.1787,9.889,0.33333,0.13841,4.2217,0.15895,-0.054211,-0.053046,0.85355
6.067,0.3815,0.091584,0.24069,2.0249,2.3659,3.789,57.123,-0.14033,0.0008913,-0.064807,1.1246,0.19622,-0.41193,-0.19465,9.889,0.34539,-0.27477,4.2179,0.16525,-0.06446,-0.058531,0.85652
6.103,0.32216,0.11149,0.25705,2.0249,2.3659,3.789,62.618,-0.12975,0.0033366,-0.058241,1.1296,0.022897,-0.41466,-0.23092,9.889,0.35745,-0.68795,4.0529,0.16833,-0.075544,-0.064893,0.8632
6.122,0.30595,0.114,0.24886,1.69,2.162,3.7868,67.963,-0.12023,0.0059706,-0.051688,1.1319,-0.15834,-0.41492,-0.27028,9.889,0.35745,-1.0853,3.7614,0.16668,-0.086703,-0.072149,0.86685
6.152,0.31576,0.10297,0.22255,1.355,1.9581,3.7845,73.071,-0.11224,0.008395,-0.046061,1.1353,-0.3308,-0.42267,-0.29454,9.889,0.35745,-1.4826,3.416,0.16031,-0.097206,-0.079711,0.87275
6.17,0.32984,0.084478,0.18901,1.355,1.9581,3.448,77.85,-0.10452,0.010303,-0.041423,1.1372,-0.47413,-0.43621,-0.28914,9.4746,0.35745,-1.8802,3.1247,0.15095,-0.10689,-0.086881,0.87633
6.199,0.33054,0.064445,0.15987,1.355,1.9581,3.1115,82.212,-0.096009,0.011717,-0.037315,1.14,-0.56619,-0.43967,-0.24647,9.0602,0.35745,-2.2777,3.0248,0.13918,-0.1168,-0.093419,0.88211
6.217,0.30986,0.046936,0.14423,1.355,1.9581,3.1115,86.089,-0.087308,0.01284,-0.033336,1.1415,-0.58663,-0.40648,-0.16687,8.6511,-0.051651,-2.6982,3.264,0.12449,-0.12774,-0.09909,0.88571
6.253,0.27126,0.033924,0.14591,1.355,1.9581,3.1115,89.445,-0.079335,0.013699,-0.029306,1.1444,-0.52135,-0.30807,-0.057816,8.242,-0.46075,-3.1188,3.9853,0.10901,-0.13777,-0.10273,0.89287
6.271,0.2265,0.025588,0.16222,1.355,1.9581,3.1115,92.296,-0.072412,0.014217,-0.025134,1.1456,-0.36743,-0.12507,0.068801,8.242,-0.46075,-3.1188,5.3159,0.097285,-0.14321,-0.10295,0.89646
6.302,0.19046,0.021076,0.18498,1.355,1.9581,3.1115,94.71,-0.066848,0.014477,-0.02074,1.1476,-0.13644,0.14248,0.19964,8.242,-0.46075,-3.1188,7.3489,0.091553,-0.14251,-0.099821,0.90251
6.319,0.17468,0.019539,0.20305,1.355,1.9581,3.1115,96.805,-0.062618,0.014654,-0.016045,1.1485,0.14494,0.47025,0.32259,8.2141,-0.46075,-3.9355,10.143,0.091174,-0.13599,-0.094324,0.90574
6.349,0.18356,0.020342,0.20549,1.355,1.9581,3.1115,98.742,-0.058523,0.014853,-0.01103,1.1501,0.43761,0.81195,0.42801,8.1862,-0.46075,-4.7523,13.712,0.096957,-0.12187,-0.086211,0.91111
6.366,0.21305,0.023123,0.18521,1.355,1.6142,3.3161,100.7,-0.053203,0.015126,-0.0058833,1.1508,0.69603,1.109,0.50916,8.1862,-0.46075,-4.7523,18.031,0.11115,-0.097342,-0.074486,0.91397
6.402,0.25282,0.027396,0.14115,1.355,1.2704,3.5207,102.84,-0.046761,0.015512,-0.001166,1.1524,0.87708,1.3051,0.56141,8.1862,-0.46075,-4.7523,23.04,0.13234,-0.064611,-0.060081,0.91962
6.421,0.29075,0.032037,0.078962,1.355,1.1741,3.7611,105.32,-0.040051,0.015985,0.0022981,1.153,0.94856,1.3609,0.58155,7.7952,-0.41898,-5.1384,28.661,0.15523,-0.030592,-0.04562,0.92258
6.451,0.31606,0.036651,0.010164,1.355,1.0779,4.0015,108.19,-0.033017,0.016526,0.0038901,1.154,0.89671,1.265,0.5676,7.4042,-0.37722,-5.5246,34.8,0.17644,0.0003768,-0.032157,0.92755
6.469,0.3243,0.040071,-0.050542,1.046,1.0779,4.3357,111.49,-0.025105,0.017195,0.0036785,1.1544,0.72894,1.0374,0.51931,7.4042,-0.37722,-5.5246,41.362,0.19587,0.028437,-0.018775,0.93082
6.505,0.31742,0.040345,-0.08855,0.73688,1.0779,4.67,115.13,-0.016741,0.017984,0.0023865,1.1552,0.47253,0.72436,0.43933,7.4042,-0.37722,-5.5246,48.253,0.21187,0.052272,-0.0057859,0.93809
6.523,0.30148,0.037188,-0.093153,0.73688,1.0779,4.67,119.02,-0.0090868,0.018717,0.0008587,1.1557,0.16875,0.38619,0.33439,7.4042,-0.37722,-5.5246,55.379,0.22036,0.067504,0.0044913,0.94201
6.553,0.28458,0.031217,-0.059948,0.73688,1.0779,4.67,123,-0.0026276,0.019233,-0.00025314,1.1563,-0.13595,0.082441,0.21557,7.4042,-0.37722,-5.5246,62.649,0.21991,0.072649,0.01082,0.94871
6.57,0.27234,0.023462,0.0074934,0.73688,1.0779,4.67,126.91,0.0031678,0.019554,-0.00026346,1.1568,-0.3992,-0.14213,0.097488,6.5774,0.030072,-5.4897,69.964,0.213,0.071318,0.01427,0.95247
6.601,0.26631,0.015218,0.098032,0.73688,1.0779,4.67,130.64,0.0090146,0.019744,0.0017105,1.1577,-0.59012,-0.2661,-0.0039576,5.7505,0.43736,-5.4549,77.21,0.20145,0.067023,0.015805,0.95904
6.618,0.26345,0.0076627,0.19563,0.73688,1.0779,4.67,134.12,0.015209,0.019778,0.0063211,1.1584,-0.69375,-0.29329,-0.074867,4.9415,0.43736,-5.4378,84.258,0.18506,0.060482,0.015174,0.96239
6.654,0.25782,0.001663,0.28256,0.73688,1.0779,4.67,137.33,0.021512,0.019625,0.013466,1.1597,-0.71136,-0.2475,-0.10649,4.1325,0.43736,-5.4207,90.961,0.16553,0.05291,0.012793,0.96884
6.673,0.2434,-0.0022895,0.34298,0.73688,1.0779,4.67,140.34,0.027321,0.019347,0.022326,1.1606,-0.65704,-0.16294,-0.097166,4.1325,0.43736,-5.4207,97.169,0.1471,0.04722,0.010379,0.97183
6.703,0.21703,-0.0040849,0.36631,0.73688,1.0779,4.67,143.23,0.032143,0.019019,0.031832,1.1622,-0.55307,-0.074021,-0.05257,4.1325,0.43736,-5.4207,102.73,0.13233,0.044684,0.0091127,0.97612
6.722,0.18094,-0.0038483,0.3492,0.73688,1.0779,4.67,146.11,0.03597,0.018674,0.041122,1.1635,-0.42441,-0.0060558,0.015072,4.1325,0.43736,-5.4207,107.54,0.12058,0.043927,0.0090409,0.97856
6.752,0.14272,-0.0018135,0.29571,0.73688,1.0779,4.67,149.06,0.039015,0.018351,0.049684,1.1655,-0.29446,0.028694,0.090258,4.1325,0.43736,-5.4207,111.49,0.1111,0.043792,0.01047,0.98215
6.77,0.11428,0.0018436,0.2157,0.52866,0.74125,4.9031,152.1,0.041373,0.018106,0.057089,1.167,-0.18231,0.030788,0.15764,4.1325,0.43736,-5.4207,114.59,0.10447,0.044349,0.014087,0.98416
6.806,0.10849,0.0070923,0.12187,0.32044,0.40464,5.1363,155.2,0.043289,0.017982,0.062629,1.1699,-0.10199,0.0099796,0.2049,4.1325,0.43736,-5.4207,116.86,0.10054,0.045115,0.019529,0.98809
6.824,0.13499,0.013956,0.026862,0.32044,0.40464,5.1363,158.23,0.045389,0.01801,0.065633,1.1715,-0.061896,-0.020582,0.2254,4.1325,0.43736,-5.4207,118.41,0.097818,0.044976,0.025439,0.98998
6.854,0.1968,0.02241,-0.05983,0.32044,0.40464,5.1363,161,0.048345,0.018214,0.066186,1.1742,-0.065247,-0.049101,0.21836,4.1325,0.43736,-5.4207,119.41,0.0954,0.043839,0.031036,0.99314
6.872,0.2883,0.03224,-0.13333,0.32044,0.40464,5.1363,163.32,0.052759,0.018615,0.064983,1.1759,-0.11017,-0.068435,0.18796,3.7198,0.46762,-5.8159,120.05,0.092985,0.042429,0.036326,0.99499
6.903,0.39526,0.042885,-0.19331,0.32044,0.40464,5.1363,164.98,0.059555,0.019273,0.062311,1.1788,-0.18951,-0.076721,0.14171,3.3072,0.49787,-6.2111,120.55,0.089256,0.040855,0.041016,0.99816
6.92,0.49719,0.053341,-0.24269,0.32044,0.40464,5.1363,165.83,0.069638,0.020275,0.057884,1.1806,-0.2913,-0.07617,0.087933,3.3072,0.49787,-6.2111,121.12,0.082421,0.038827,0.044472,0.9998
6.956,0.57149,0.062204,-0.28508,0.32044,0.40464,5.1363,165.82,0.082583,0.021602,0.051878,1.1842,-0.39954,-0.071003,0.034353,3.3072,0.49787,-6.2111,121.93,0.072398,0.03668,0.046597,1.0031
6.975,0.59831,0.067904,-0.32255,0.32044,0.40464,5.1363,164.99,0.096335,0.023071,0.045201,1.1865,-0.49614,-0.065024,-0.013551,3.3072,0.49787,-6.2111,123.13,0.060582,0.034951,0.047708,1.0047
7.005,0.56522,0.068985,-0.35396,0.32044,0.40464,5.1363,163.49,0.10878,0.024494,0.038386,1.1901,-0.56389,-0.060373,-0.052606,3.3072,0.49787,-6.2111,124.79,0.047704,0.033529,0.047821,1.007
7.023,0.47084,0.064492,-0.37468,0.32044,0.40464,5.1363,161.57,0.11906,0.025816,0.031116,1.1925,-0.58982,-0.057342,-0.081925,3.3072,0.49787,-6.2111,126.94,0.033667,0.032068,0.046898,1.0081
7.053,0.32589,0.054278,-0.37769,0.32044,0.40464,5.1363,159.53,0.12691,0.027026,0.023277,1.1966,-0.56813,-0.055087,-0.1023,3.3072,0.49787,-6.2111,129.58,0.019212,0.030634,0.045396,1.0099
7.072,0.15165,0.039124,-0.35598,-0.0151,0.19749,4.7903,157.69,0.13139,0.027984,0.015655,1.1994,-0.50196,-0.052957,-0.11538,2.9124,0.49787,-6.1932,132.65,0.0059844,0.029401,0.043798,1.0109
7.102,-0.023923,0.020683,-0.30511,-0.35064,-0.0096567,4.4444,156.35,0.13136,0.028503,0.0091804,1.2036,-0.40221,-0.049136,-0.12293,2.5176,0.49787,-6.1754,136.11,-0.0050048,0.02825,0.041988,1.0124
7.118,-0.17163,0.0012446,-0.22533,-0.35064,-0.0096567,4.4444,155.73,0.12681,0.028517,0.00422,1.206,-0.28652,-0.043725,-0.12652,2.1059,0.50061,-6.1754,139.89,-0.013734,0.027065,0.039733,1.0131
7.155,-0.26715,-0.01671,-0.12282,-0.35064,-0.0096567,4.4444,155.98,0.11913,0.028105,0.0010274,1.2108,-0.17551,-0.039013,-0.12764,1.6942,0.50334,-6.1754,143.94,-0.020187,0.025969,0.037311,1.015
7.173,-0.29646,-0.031028,-0.0090582,-0.35064,-0.0096567,4.4444,157.14,0.11024,0.027359,0.00027543,1.2132,-0.087671,-0.035953,-0.12691,1.6942,0.50334,-6.1754,148.26,-0.024202,0.025063,0.035125,1.0159
7.204,-0.259,-0.040283,0.10084,-0.35064,-0.0096567,4.4444,159.15,0.10169,0.02633,0.002614,1.2168,-0.036734,-0.035163,-0.1245,1.6942,0.50334,-6.1754,152.84,-0.026195,0.02424,0.033148,1.0174
7.221,-0.16806,-0.044078,0.19088,-0.35064,-0.0096567,4.4444,161.86,0.09461,0.025089,0.0078978,1.2188,-0.028615,-0.036875,-0.12055,1.6942,0.50334,-6.1754,157.73,-0.027285,0.023368,0.031188,1.0183
7.257,-0.047971,-0.043062,0.24734,-0.35064,-0.0096567,4.4444,165.05,0.089843,0.02377,0.015095,1.2224,-0.061342,-0.040859,-0.11545,1.6942,0.50334,-6.1754,163,-0.028731,0.0224,0.029274,1.02
7.275,0.071449,-0.038682,0.26147,-0.35064,-0.0096567,4.4444,168.48,0.087875,0.022532,0.02291,1.2243,-0.12605,-0.046436,-0.1101,1.6558,0.87796,-6.1389,168.72,-0.031542,0.021325,0.027508,1.0209
7.307,0.16185,-0.032788,0.23128,-0.35064,-0.0096567,4.4444,171.9,0.088617,0.02147,0.030363,1.2275,-0.20923,-0.052568,-0.10624,1.6173,1.2526,-6.1023,174.95,-0.036209,0.020132,0.025934,1.0224
7.326,0.20289,-0.02717,0.16183,-0.35064,-0.0096567,4.4444,175.09,0.091124,0.020581,0.036694,1.2296,-0.29563,-0.05809,-0.10584,1.2238,1.2526,-5.6856,181.72,-0.042679,0.018839,0.024609,1.0235
7.357,0.18718,-0.023152,0.064574,-0.35064,-0.0096567,4.4444,177.89,0.093754,0.019812,0.040992,1.2329,-0.37062,-0.061913,-0.11066,0.83027,1.2526,-5.2688,189,-0.050827,0.017467,0.023396,1.0252
7.374,0.12193,-0.021312,-0.045007,-0.35064,-0.0096567,4.4444,180.19,0.095038,0.019115,0.042523,1.2349,-0.42269,-0.063246,-0.1215,0.83027,1.2526,-5.2688,196.7,-0.060595,0.016043,0.021922,1.0264
7.405,0.026878,-0.02146,-0.14994,-0.35064,-0.0096567,4.4444,181.98,0.094424,0.018461,0.04146,1.2383,-0.44434,-0.061823,-0.13685,0.83027,1.2526,-5.2688,204.64,-0.071317,0.01463,0.020094,1.0286
7.423,-0.070696,-0.022811,-0.23461,-0.35064,-0.0096567,4.4444,183.35,0.091902,0.017813,0.03859,1.2403,-0.43238,-0.057929,-0.15283,0.83027,1.2526,-5.2688,212.58,-0.081715,0.013314,0.018213,1.0302
7.452,-0.14337,-0.024336,-0.28736,-0.35064,-0.0096567,4.4444,184.42,0.087354,0.017134,0.034214,1.2433,-0.38785,-0.052408,-0.16305,0.83027,1.2526,-5.2688,220.24,-0.091168,0.012125,0.016218,1.0328
7.469,-0.17021,-0.02511,-0.30194,-0.35064,-0.0096567,4.4444,185.39,0.081039,0.016396,0.0283,1.245,-0.31485,-0.04646,-0.15969,0.4571,1.6831,-5.6186,227.3,-0.099905,0.011012,0.013705,1.0345
7.506,-0.14232,-0.024633,-0.27843,-0.35064,-0.0096567,4.4444,186.48,0.074414,0.015614,0.021783,1.2482,-0.21968,-0.041353,-0.13549,0.08393,2.1136,-5.9684,233.48,-0.1074,0.0099291,0.011116,1.0384
7.525,-0.064868,-0.022983,-0.22267,-0.35064,-0.0096567,4.4444,187.89,0.069422,0.014856,0.016514,1.2498,-0.11043,-0.038128,-0.086106,0.08393,2.1136,-5.9684,238.53,-0.11209,0.0089248,0.0097937,1.0406
7.555,0.044734,-0.020764,-0.14515,-0.35064,-0.0096567,4.4444,189.75,0.066946,0.014211,0.013558,1.2521,0.0035419,-0.0373,-0.012381,0.08393,2.1136,-5.9684,242.33,-0.11335,0.0080846,0.010411,1.0441
7.574,0.16121,-0.018914,-0.058831,-0.35064,-0.0096567,4.4444,192.16,0.066842,0.013688,0.012646,1.2535,0.11221,-0.038756,0.078599,0.08393,2.1136,-5.9684,244.87,-0.11209,0.0073601,0.012718,1.0463
7.602,0.25839,-0.018376,0.023084,-0.35064,-0.0096567,4.4444,195.09,0.069165,0.013184,0.013489,1.2557,0.20531,-0.041761,0.1737,0.08393,2.1136,-5.9684,246.26,-0.10876,0.006548,0.017071,1.0495
7.62,0.31537,-0.0198,0.089265,-0.35064,-0.0096567,4.4444,198.47,0.074036,0.012597,0.016296,1.2571,0.27297,-0.04518,0.25603,0.08393,2.1136,-5.9684,246.71,-0.1028,0.0055064,0.024346,1.0515
7.657,0.32164,-0.023284,0.13198,-0.35064,-0.0096567,4.4444,202.11,0.080284,0.01194,0.02071,1.2602,0.30682,-0.047768,0.30803,0.08393,2.1136,-5.9684,246.54,-0.094835,0.0043414,0.033873,1.0553
7.674,0.27922,-0.02831,0.14817,-0.35064,-0.0096567,4.4444,205.8,0.085654,0.011256,0.025558,1.2618,0.30133,-0.04849,0.31566,0.08393,2.1136,-5.9684,246.06,-0.087104,0.0032418,0.043457,1.057
7.705,0.20134,-0.033831,0.13943,-0.35064,-0.0096567,4.4444,209.33,0.088758,0.010491,0.030081,1.2647,0.25537,-0.046754,0.27163,0.08393,2.1136,-5.9684,245.59,-0.080899,0.0022409,0.05181,1.0601
7.721,0.10885,-0.038503,0.11136,-0.35064,-0.0096567,4.4444,212.51,0.089799,0.0095546,0.034306,1.2664,0.17336,-0.042513,0.17758,0.08393,2.1136,-5.9684,245.38,-0.075911,0.0012529,0.058911,1.0617
7.758,0.024519,-0.041029,0.072024,-0.35064,-0.0096567,4.4444,215.18,0.08926,0.0084799,0.038058,1.27,0.065683,-0.036218,0.04426,0.08393,2.1136,-5.9684,245.6,-0.072494,0.00030571,0.063876,1.0652
7.775,-0.032142,-0.040448,0.030213,-0.35064,-0.0096567,4.4444,217.27,0.087096,0.0074094,0.040699,1.2717,-0.051966,-0.028626,-0.11058,0.08393,2.1136,-5.9684,246.31,-0.072091,-0.00045655,0.064952,1.0669
7.807,-0.049621,-0.036439,-0.0063377,-0.35064,-0.0096567,4.4444,218.78,0.083616,0.0064612,0.042064,1.2748,-0.16054,-0.020619,-0.26538,0.08393,2.1136,-5.9684,247.48,-0.074933,-0.00096117,0.061891,1.07
7.826,-0.026406,-0.029379,-0.032628,-0.35064,-0.0096567,4.4444,219.75,0.08009,0.0056835,0.042684,1.2767,-0.2409,-0.013013,-0.39887,0.08393,2.1136,-5.9684,249,-0.079664,-0.0012617,0.055936,1.0719
7.855,0.029049,-0.020346,-0.046796,-0.35064,-0.0096567,4.4444,220.27,0.077853,0.0051064,0.042941,1.2793,-0.27764,-0.0064831,-0.49377,0.08393,2.1136,-5.9684,250.7,-0.085465,-0.001416,0.04746,1.0748
7.874,0.10052,-0.01092,-0.050539,-0.35064,-0.0096567,4.4444,220.45,0.077386,0.0047514,0.042796,1.2811,-0.26244,-0.0015589,-0.53933,0.08393,2.1136,-5.9684,252.42,-0.092189,-0.001433,0.036141,1.0767
7.91,0.16796,-0.0029096,-0.048101,-0.35064,-0.0096567,4.4444,220.36,0.078513,0.0046051,0.042387,1.2843,-0.19654,0.0013158,-0.53242,0.08393,2.1136,-5.9684,254.03,-0.098476,-0.0013474,0.023444,1.0803
7.928,0.21199,0.0020218,-0.044884,-0.35064,-0.0096567,4.4444,220.06,0.080835,0.0046262,0.042108,1.286,-0.091524,0.0017144,-0.47689,0.08393,2.1136,-5.9684,255.44,-0.10214,-0.0012343,0.012341,1.0822
7.958,0.21836,0.0026934,-0.046071,-0.35064,-0.0096567,4.4444,219.57,0.083652,0.0047473,0.042019,1.2888,0.032668,-0.00073748,-0.38202,0.08393,2.1136,-5.9684,256.63,-0.10248,-0.0011547,0.0043578,1.0853
7.976,0.18073,-0.0013885,-0.054979,-0.0012851,-0.24215,4.3207,218.86,0.085975,0.004852,0.041732,1.2905,0.15125,-0.0062822,-0.26062,0.08393,2.1136,-5.9684,257.64,-0.10023,-0.0011591,-0.00098168,1.0872
8.006,0.10211,-0.0098797,-0.072394,0.34807,-0.47464,4.197,217.89,0.0869,0.0047989,0.040923,1.2934,0.23983,-0.014835,-0.12727,0.08393,2.1136,-5.9684,258.59,-0.095671,-0.0013389,-0.0038659,1.0902
8.024,-0.0052039,-0.021636,-0.096214,0.34807,-0.47464,3.9886,216.61,0.085737,0.004485,0.039488,1.2952,0.28003,-0.025796,0.0034053,0.08393,2.1136,-5.9684,259.6,-0.088913,-0.0018006,-0.0035145,1.0919
8.06,-0.12216,-0.034862,-0.12259,0.34807,-0.47464,3.7803,214.95,0.081921,0.0038676,0.037345,1.2985,0.26384,-0.037954,0.11774,0.08393,2.1136,-5.9684,260.83,-0.081438,-0.0025803,0.0001663,1.095
8.077,-0.22722,-0.047481,-0.14674,0.34807,-0.47464,3.7803,212.87,0.075352,0.0029621,0.034512,1.3,0.19579,-0.049512,0.20347,0.08393,2.1136,-5.9684,262.37,-0.075468,-0.0036242,0.0060826,1.0964
8.108,-0.3009,-0.057494,-0.16458,0.34807,-0.47464,3.7803,210.32,0.066783,0.0018461,0.031277,1.3024,0.092228,-0.058348,0.25081,0.08393,2.1136,-5.9684,264.32,-0.072022,-0.0048498,0.013223,1.0987
8.126,-0.33021,-0.063318,-0.17436,0.34807,-0.47464,3.7803,207.29,0.057306,0.00060594,0.027865,1.3037,-0.021961,-0.062399,0.25349,0.08393,2.1136,-5.9684,266.69,-0.070978,-0.0061996,0.021046,1.1001
8.156,-0.31171,-0.064112,-0.17684,0.34807,-0.47464,3.7803,203.74,0.047606,-0.00073672,0.024099,1.3054,-0.11915,-0.060166,0.21005,0.08393,2.1136,-5.9684,269.44,-0.072324,-0.0076227,0.028643,1.1025
8.175,-0.25289,-0.059912,-0.17568,0.34807,-0.47464,3.7803,199.66,0.038273,-0.002153,0.019792,1.3064,-0.17533,-0.051155,0.12498,0.08393,2.1136,-5.9684,272.5,-0.075907,-0.0090042,0.034686,1.1041
8.211,-0.17026,-0.051627,-0.17563,0.34807,-0.47464,3.7803,195.02,0.030435,-0.0034697,0.015254,1.3078,-0.17588,-0.036113,0.0091061,0.08393,2.1136,-5.9684,275.73,-0.080459,-0.010138,0.038253,1.1073
8.229,-0.085532,-0.040871,-0.18082,0.34807,-0.47464,3.7803,189.85,0.025089,-0.0044546,0.01089,1.3084,-0.11941,-0.017066,-0.12123,0.08393,2.1136,-5.9684,278.98,-0.084066,-0.010816,0.038947,1.109
8.26,-0.020084,-0.029648,-0.19255,0.34807,-0.47464,3.7803,184.15,0.021978,-0.0050545,0.0065384,1.3092,-0.017906,0.00303,-0.24628,0.08393,2.1136,-5.9684,282.12,-0.085388,-0.010951,0.036498,1.1119
8.278,0.010655,-0.019986,-0.20791,0.34807,-0.47464,3.7803,178,0.019945,-0.0053964,0.0017271,1.3096,0.10553,0.02085,-0.34624,0.08393,2.1136,-5.9684,285.01,-0.083933,-0.010611,0.031059,1.1136
8.309,0.001293,-0.013575,-0.21968,0.34807,-0.47464,3.7803,171.51,0.018136,-0.0055685,-0.003563,1.3103,0.22242,0.033389,-0.40484,0.08393,2.1136,-5.9684,287.53,-0.079756,-0.0099367,0.023712,1.1164
8.327,-0.042341,-0.011489,-0.21752,0.34807,-0.47464,3.7803,164.88,0.015998,-0.0055902,-0.008907,1.3106,0.30578,0.03864,-0.4131,0.49976,2.1136,-5.9684,289.6,-0.073357,-0.0090773,0.015918,1.1179
8.357,-0.10538,-0.01404,-0.1912,0.34807,-0.47464,3.7803,158.32,0.012632,-0.0055833,-0.013929,1.3112,0.33689,0.036035,-0.37111,0.91559,2.1136,-5.9684,291.18,-0.065531,-0.0081816,0.0085487,1.1201
8.375,-0.16826,-0.020736,-0.13398,0.34807,-0.47464,3.7803,152.09,0.0073402,-0.0057433,-0.018247,1.3116,0.30961,0.026607,-0.28853,1.3035,2.1137,-5.9974,292.23,-0.057201,-0.0073962,0.0020577,1.1213
8.411,-0.21327,-0.030404,-0.046296,0.34807,-0.47464,3.7803,146.45,0.00059909,-0.0061305,-0.021118,1.3124,0.23197,0.012746,-0.18249,1.6914,2.1137,-6.0265,292.73,-0.049669,-0.0068578,-0.0026691,1.1233
8.43,-0.23019,-0.041387,0.062031,0.34807,-0.47464,3.7803,141.6,-0.0064425,-0.0066839,-0.021682,1.3128,0.12433,-0.0023233,-0.073905,1.6914,2.1137,-6.0265,292.68,-0.044552,-0.0066781,-0.0045518,1.1243
8.459,-0.21984,-0.05181,0.17199,0.34807,-0.47464,3.7803,137.72,-0.013163,-0.0074215,-0.019539,1.3135,0.014092,-0.015255,0.016912,1.6914,2.1137,-6.0265,292.08,-0.042683,-0.0068851,-0.0035196,1.1256
8.478,-0.19381,-0.059875,0.2585,0.34807,-0.47464,3.7803,134.84,-0.019482,-0.0084113,-0.014991,1.314,-0.070754,-0.023344,0.074812,1.6914,2.1137,-6.0265,290.91,-0.043366,-0.0073721,-0.00070062,1.1265
8.51,-0.17055,-0.064122,0.29574,0.34807,-0.47464,3.7803,132.94,-0.025243,-0.0095687,-0.0090404,1.3149,-0.10876,-0.025077,0.092398,1.6914,2.1137,-6.0265,289.19,-0.045216,-0.0079591,0.0027278,1.128
8.527,-0.16912,-0.063627,0.26392,0.34807,-0.47464,3.7803,131.88,-0.030483,-0.010696,-0.0032858,1.3154,-0.090057,-0.020435,0.071414,1.6914,2.1137,-6.0265,286.93,-0.047192,-0.0084992,0.0061124,1.1289
8.558,-0.20186,-0.058131,0.15563,0.34807,-0.47464,3.7803,131.46,-0.035981,-0.011702,0.00048906,1.3164,-0.018574,-0.010778,0.021131,1.6914,2.1137,-6.0265,284.12,-0.048288,-0.0088822,0.0087262,1.1306
8.576,-0.26914,-0.048133,-0.019979,0.34807,-0.47464,3.7803,131.44,-0.042911,-0.012587,0.000731,1.3171,0.088897,0.0015179,-0.044312,1.6914,2.1137,-6.0265,280.79,-0.047141,-0.008998,0.0096903,1.1316
8.611,-0.35739,-0.034806,-0.23679,0.34807,-0.47464,3.7803,131.61,-0.051959,-0.013249,-0.0038129,1.3188,0.20729,0.013715,-0.10994,1.6914,2.1137,-6.0265,276.97,-0.042953,-0.0088011,0.0088343,1.1333
8.629,-0.44152,-0.019837,-0.45553,0.34807,-0.47464,3.7803,131.77,-0.062899,-0.013505,-0.013786,1.3199,0.3091,0.023413,-0.16367,1.6914,2.1137,-6.0265,272.69,-0.036235,-0.0083584,0.0067225,1.1342
8.66,-0.49135,-0.0051906,-0.63118,0.34807,-0.47464,3.7803,131.8,-0.074806,-0.013304,-0.028541,1.3221,0.37139,0.029102,-0.19883,1.6914,2.1137,-6.0265,267.98,-0.028002,-0.0077612,0.0036672,1.1354
8.678,-0.48011,0.0072219,-0.72293,-0.0012851,-0.24215,4.1124,131.62,-0.086619,-0.012767,-0.04625,1.3237,0.38104,0.030511,-0.21528,1.6914,2.1137,-6.0265,262.84,-0.018971,-0.0070652,-0.00030699,1.1359
8.708,-0.39264,0.015829,-0.70339,-0.35064,-0.0096567,4.4444,131.21,-0.09735,-0.012008,-0.064823,1.3268,0.33765,0.028557,-0.21815,1.6914,2.1137,-6.0265,257.27,-0.010119,-0.0063626,-0.0046253,1.1366
8.727,-0.23078,0.019694,-0.56579,-0.35064,-0.0096567,4.4444,130.6,-0.10545,-0.011081,-0.081938,1.3292,0.25363,0.025048,-0.21588,1.6914,2.1137,-6.0265,251.24,-0.0029483,-0.0057702,-0.0085872,1.1369
8.755,-0.014506,0.018629,-0.32615,-0.35064,-0.0096567,4.4444,129.8,-0.10859,-0.010082,-0.094512,1.3329,0.15049,0.022081,-0.21681,1.6914,2.1137,-6.0265,244.67,0.0016486,-0.0052755,-0.012583,1.1371
8.773,0.22205,0.013235,-0.02055,-0.35064,-0.0096567,4.4444,128.85,-0.1052,-0.0091555,-0.099927,1.3355,0.053812,0.021429,-0.22617,1.6914,2.1137,-6.0265,237.51,0.0040248,-0.004746,-0.017537,1.1373
8.81,0.43803,0.0047375,0.30234,-0.35064,-0.0096567,4.4444,127.73,-0.096163,-0.0083798,-0.098088,1.3406,-0.013456,0.023981,-0.24399,1.6914,2.1137,-6.0265,229.66,0.00479,-0.0041398,-0.023298,1.1379
8.827,0.59534,-0.0052945,0.59168,-1.2698,-0.0096567,4.2525,126.43,-0.083745,-0.0077704,-0.090536,1.3427,-0.036363,0.029468,-0.26475,2.0766,2.1137,-5.6381,221.08,0.0042881,-0.0035206,-0.028977,1.1382
8.857,0.66718,-0.015266,0.80496,-2.189,-0.0096567,4.0606,124.95,-0.0692,-0.0073886,-0.077634,1.346,-0.011532,0.03652,-0.27861,2.4619,2.1137,-5.2498,211.75,0.003497,-0.0028316,-0.034587,1.139
8.873,0.64401,-0.023829,0.91606,-2.189,-0.0096567,4.0606,123.29,-0.052977,-0.0073041,-0.059072,1.3475,0.051942,0.043013,-0.2741,2.4619,2.1137,-5.2498,201.7,0.004055,-0.0018959,-0.040828,1.1394
8.91,0.53493,-0.030073,0.9191,-2.189,-0.0096567,4.0606,121.53,-0.036859,-0.0074417,-0.037327,1.3498,0.13516,0.046705,-0.24172,2.4619,2.1137,-5.2498,191.04,0.0066977,-0.0007168,-0.047398,1.1408
8.928,0.36454,-0.033604,0.82782,-2.7259,-0.16791,4.0392,119.76,-0.024027,-0.0076227,-0.01756,1.3505,0.21457,0.045902,-0.17705,2.4936,2.4989,-5.2498,179.95,0.010841,0.00045391,-0.052871,1.1414
8.959,0.16704,-0.034418,0.67001,-3.2629,-0.32616,4.0178,118.16,-0.01668,-0.0077824,-0.0029778,1.3512,0.26834,0.040049,-0.083442,2.5253,2.8842,-5.2498,168.69,0.016103,0.0014203,-0.056033,1.1428
8.977,-0.022384,-0.032818,0.47995,-3.2629,-0.32616,3.8907,116.94,-0.014721,-0.0079865,0.0071792,1.3514,0.28212,0.029918,0.028125,2.5253,2.8842,-5.221,157.56,0.022706,0.0021998,-0.056409,1.1436
9.011,-0.17473,-0.029207,0.29009,-3.2629,-0.32616,3.7635,116.32,-0.016737,-0.0082149,0.01415,1.3521,0.25349,0.017555,0.14026,2.5253,2.8842,-5.1922,146.88,0.029915,0.0028083,-0.054015,1.1453
9.037,-0.27241,-0.02397,0.12488,-3.2629,-0.32616,3.7635,116.51,-0.021185,-0.0083052,0.016967,1.3527,0.1928,0.0058029,0.23271,2.9138,3.276,-5.1922,136.99,0.035745,0.0031302,-0.04949,1.1466
9.062,-0.3114,-0.017441,-0.0025727,-3.2629,-0.32616,3.7635,117.66,-0.026715,-0.0081455,0.0147,1.3533,0.12073,-0.0024148,0.28676,3.3024,3.6677,-5.1922,128.19,0.039005,0.0031219,-0.043942,1.1477
9.08,-0.29939,-0.0099296,-0.089986,-3.2629,-0.32616,3.7635,119.83,-0.032294,-0.0077682,0.0088824,1.3538,0.062916,-0.004841,0.28966,3.7255,3.6677,-5.1922,120.74,0.04037,0.002958,-0.03816,1.1484
9.111,-0.25225,-0.0018391,-0.14278,-3.2629,-0.32616,3.7635,123,-0.037258,-0.0072299,0.0017961,1.3547,0.04259,-0.00053873,0.2382,4.1486,3.6677,-5.1922,114.81,0.041023,0.0028547,-0.032667,1.1496
9.129,-0.18865,0.0062725,-0.16942,-3.2629,-0.32616,3.7635,127.11,-0.041073,-0.0065286,-0.0060103,1.3553,0.073881,0.0098521,0.13987,4.1486,3.6677,-5.1922,110.56,0.041738,0.0029116,-0.028647,1.1502
9.16,-0.12539,0.013629,-0.17689,-3.2629,-0.32616,3.7635,131.97,-0.043292,-0.0056388,-0.01494,1.3565,0.15682,0.024184,0.01208,4.1486,3.6677,-5.1922,107.94,0.043677,0.0032289,-0.027752,1.1514
9.177,-0.074193,0.019304,-0.16798,-3.2629,-0.32616,3.7635,137.34,-0.043899,-0.0045486,-0.024483,1.3571,0.27628,0.039273,-0.1211,4.1486,3.6677,-5.1922,106.86,0.048463,0.0039712,-0.030678,1.1519
9.214,-0.040423,0.022366,-0.14054,-3.2629,-0.32616,3.7635,142.96,-0.043381,-0.0033088,-0.033551,1.3588,0.4048,0.05162,-0.23354,4.1486,3.6677,-5.1922,107.07,0.056638,0.005144,-0.036737,1.1537
9.232,-0.024124,0.022049,-0.089209,-3.6192,-0.10339,3.7635,148.55,-0.042262,-0.0020703,-0.041632,1.3596,0.50913,0.05822,-0.30229,4.1486,3.6677,-5.1922,108.28,0.067078,0.0064781,-0.044753,1.1546
9.261,-0.022044,0.017947,-0.0083685,-3.9755,0.11939,3.7635,153.88,-0.040767,-0.00096928,-0.048453,1.3612,0.55859,0.057238,-0.31215,4.1486,3.6677,-5.1922,110.1,0.078318,0.0077135,-0.053598,1.1566
9.28,-0.030128,0.010175,0.10451,-4.1968,0.28558,3.9121,158.77,-0.039019,-1.0653e-05,-0.053202,1.3622,0.53296,0.048373,-0.25819,4.956,3.6728,-5.232,112.19,0.08942,0.0088123,-0.062027,1.1581
9.309,-0.045372,-0.0005751,0.24623,-4.4181,0.45177,4.0606,163.11,-0.037382,0.00078725,-0.054837,1.3639,0.42819,0.032905,-0.14648,5.7635,3.6779,-5.2717,114.25,0.099281,0.0097269,-0.068718,1.1608
9.327,-0.066388,-0.013114,0.40713,-4.4181,0.45177,4.0606,166.91,-0.036326,0.0012586,-0.052618,1.3648,0.25774,0.013341,0.0074956,6.1476,3.6979,-5.696,116.12,0.10615,0.01022,-0.072479,1.1625
9.363,-0.093231,-0.025906,0.57165,-4.4181,0.45177,4.0606,170.28,-0.035937,0.0013164,-0.046243,1.3668,0.049838,-0.0071431,0.18208,6.5317,3.7178,-6.1203,117.8,0.10839,0.010145,-0.072375,1.1665
9.381,-0.12539,-0.037291,0.72131,-4.4181,0.45177,4.0606,173.38,-0.03592,0.0011244,-0.036309,1.3675,-0.15921,-0.025377,0.3536,7.3409,3.7178,-6.1609,119.44,0.10537,0.009642,-0.068215,1.1682
9.411,-0.16025,-0.04571,0.83789,-4.4181,0.45177,4.0606,176.43,-0.036265,0.00081165,-0.024442,1.3686,-0.33349,-0.038798,0.50048,8.1501,3.7178,-6.2014,121.31,0.097588,0.0088523,-0.060833,1.1712
9.429,-0.19267,-0.049975,0.90685,-4.5411,0.28558,4.0606,179.58,-0.037356,0.0002988,-0.011829,1.369,-0.44553,-0.045873,0.60645,8.1501,3.7178,-6.2014,123.71,0.086311,0.0077594,-0.051236,1.1725
9.459,-0.2149,-0.049437,0.92021,-4.6641,0.11939,4.0606,182.88,-0.039192,-0.00037612,0.0019185,1.3697,-0.48211,-0.046274,0.66236,8.1501,3.7178,-6.2014,126.87,0.0731,0.0064861,-0.039704,1.1746
9.476,-0.21854,-0.044075,0.87749,-4.6641,-0.074309,4.1135,186.21,-0.041236,-0.00095623,0.017021,1.3701,-0.44602,-0.040772,0.66681,8.1501,3.7178,-6.2014,130.8,0.059274,0.0053273,-0.026505,1.1752
9.512,-0.19657,-0.034533,0.78615,-4.6641,-0.26801,4.1664,189.2,-0.043134,-0.0013624,0.031329,1.3715,-0.35413,-0.030962,0.62514,8.1501,3.7178,-6.2014,135.23,0.046092,0.0043571,-0.013142,1.1766
9.531,-0.14641,-0.022022,0.65937,-4.8565,-0.61098,4.1664,191.24,-0.044437,-0.0016773,0.041696,1.3724,-0.23211,-0.018879,0.54778,7.7655,3.7018,-5.7765,139.57,0.035226,0.0034918,-0.0019077,1.177
9.56,-0.071389,-0.0081563,0.51388,-5.0489,-0.95394,4.1664,191.56,-0.043788,-0.0016811,0.047118,1.374,-0.10762,-0.0065758,0.4479,7.3809,3.6858,-5.3516,142.88,0.028028,0.0029374,0.0058039,1.1777
9.578,0.019136,0.0052878,0.36696,-5.0489,-0.95394,4.1664,189.3,-0.040118,-0.0011016,0.048776,1.375,-0.0040186,0.0041936,0.33934,7.3809,3.6858,-5.3516,144.05,0.02405,0.0029232,0.010334,1.1784
9.613,0.11114,0.016635,0.23365,-5.0489,-0.95394,4.1664,183.66,-0.034319,-0.00026258,0.047567,1.3769,0.064277,0.012214,0.23456,7.3809,3.6858,-5.3516,141.99,0.021451,0.0031124,0.012845,1.1793
9.632,0.18934,0.024598,0.12487,-5.0489,-0.95394,4.1664,174.07,-0.027513,0.00040816,0.043374,1.3779,0.093315,0.016903,0.14328,7.3809,3.6858,-5.3516,135.79,0.019207,0.0031039,0.013581,1.1802
9.663,0.2406,0.028487,0.046073,-5.0489,-0.95394,4.1664,160.33,-0.018669,0.0012733,0.036178,1.3793,0.088517,0.018289,0.071699,7.3809,3.6858,-5.3516,125.05,0.017574,0.0032521,0.011359,1.1811
9.681,0.25724,0.028285,-0.0023904,-5.0489,-0.95394,4.1664,142.71,-0.0073414,0.0026866,0.026493,1.3801,0.06141,0.016898,0.022153,7.3809,3.6858,-5.3516,109.94,0.015963,0.0038973,0.0057349,1.182
9.712,0.23869,0.024627,-0.024662,-5.0489,-0.95394,4.1664,121.94,0.0023298,0.0036484,0.015504,1.381,0.025587,0.013564,-0.006321,7.3809,3.6858,-5.3516,91.286,0.012445,0.0041587,-0.00054588,1.1827
9.712,0.19164,0.018642,-0.027558,-5.0489,-0.95394,4.1664,99.223,0.0051361,0.0028498,0.005789,1.3817,-0.0071089,0.0092584,-0.017408,7.3809,3.6858,-5.3516,70.397,0.0066641,0.0029328,-0.0033288,1.1837
