0,-0.23152,-0.11224,-0.094219,-84.039,-45.83,-0.36265,22.891,-0.1428,-0.10776,-0.062569,0,-0.86428,-0.015467,0.3569,43.797,-43.879,3.5722,-15.244,-0.072524,-0.02559,-0.0061614,0
0.032,-0.73066,-0.14588,-0.14062,-6.3034,-2.6844,-4.7799,26.537,-0.22297,-0.1608,-0.088245,0.0066878,-0.99823,-0.024424,0.50557,6.1398,1.8947,9.5232,-16.746,-0.087515,-0.035924,-0.013919,0.0017
0.053,-1.3092,-0.19391,-0.19389,-4.7071,-2.6844,-4.7809,29.732,-0.25603,-0.16879,-0.085456,0.011478,-1.0295,-0.043092,0.65032,5.5788,2.0531,9.5232,-18.559,-0.059346,-0.034558,-0.020772,0.0026727
0.079,-1.883,-0.26538,-0.25604,-3.3813,-2.5502,-5.2166,32.308,-0.29032,-0.16842,-0.079199,0.018723,-0.95261,-0.073148,0.77748,5.0178,2.2114,9.5232,-20.022,-0.026001,-0.03177,-0.023946,0.0036641
0.1,-2.3567,-0.3666,-0.33048,-2.0556,-2.5502,-5.6512,34.176,-0.35985,-0.18713,-0.086639,0.025521,-0.79024,-0.11385,0.87547,4.9832,2.3402,9.5232,-20.159,-0.0089189,-0.034459,-0.023097,0.0050241
0.132,-2.6433,-0.49689,-0.42093,-1.2496,-2.3792,-6.8568,35.337,-0.44381,-0.21117,-0.098259,0.038631,-0.58794,-0.16171,0.93652,4.9485,2.469,9.5232,-17.77,0.0095878,-0.038822,-0.019381,0.0069106
0.152,-2.6821,-0.64197,-0.52977,-0.44367,-2.3792,-8.0624,35.85,-0.51886,-0.22723,-0.10558,0.047962,-0.40493,-0.21086,0.9579,4.9485,2.469,8.9729,-11.577,0.04212,-0.04164,-0.014173,0.0091499
0.184,-2.4526,-0.78494,-0.65536,-0.44367,-2.3792,-8.853,35.852,-0.58924,-0.24617,-0.11621,0.06595,-0.29964,-0.25428,0.9406,4.9485,2.469,8.4226,-0.38998,0.075735,-0.045786,-0.0090361,0.012688
0.205,-1.979,-0.90706,-0.78938,-0.44367,-2.3792,-9.6436,35.502,-0.65575,-0.27469,-0.13495,0.078952,-0.31284,-0.28548,0.89002,4.6436,2.3402,8.0883,16.714,0.10196,-0.052542,-0.0057121,0.016157
0.231,-1.324,-0.98394,-0.92106,-0.44367,-2.2893,-10.941,34.969,-0.70396,-0.30255,-0.15518,0.096767,-0.4581,-0.30013,0.81403,4.3386,2.2114,7.7539,40.148,0.12836,-0.058966,-0.0049337,0.020807
0.253,-0.57633,-0.99641,-1.0368,-0.44367,-2.1993,-12.238,34.406,-0.72928,-0.32558,-0.17479,0.11266,-0.72207,-0.29712,0.72256,4.28,2.1711,6.9203,69.684,0.15424,-0.064247,-0.0057427,0.025495
0.284,0.1683,-0.93234,-1.1209,-0.463,-1.9116,-13.422,33.933,-0.73882,-0.35163,-0.20089,0.13649,-1.0695,-0.27897,0.62597,3.9163,1.9789,6.0867,104.26,0.16591,-0.070647,-0.0069804,0.031971
0.305,0.82479,-0.78875,-1.16,-0.48234,-1.6239,-14.605,33.629,-0.73145,-0.38041,-0.23478,0.15256,-1.4548,-0.25105,0.53446,3.9163,1.8271,4.646,141.94,0.15948,-0.078027,-0.009107,0.036961
0.343,1.333,-0.57266,-1.1432,-0.48234,-1.6239,-15.39,33.526,-0.70381,-0.40131,-0.26761,0.18267,-1.8373,-0.22025,0.45696,3.9163,1.5833,2.3755,180.13,0.14509,-0.083807,-0.013673,0.044554
0.363,1.6647,-0.30189,-1.0644,-0.48234,-1.6239,-16.175,33.609,-0.6668,-0.41093,-0.29311,0.19758,-2.191,-0.19318,0.39807,3.8785,1.479,1.5457,215.98,0.1291,-0.087526,-0.021417,0.048822
0.385,1.8243,-0.0050493,-0.923,-0.48234,-1.6239,-16.573,33.826,-0.63298,-0.4143,-0.31328,0.21375,-2.5096,-0.17455,0.35877,3.8785,1.479,1.5457,246.84,0.10936,-0.09064,-0.031657,0.053073
0.405,1.8419,0.27925,-0.72493,-0.48234,-1.6239,-16.971,34.086,-0.59876,-0.41219,-0.33086,0.22782,-2.801,-0.16624,0.33485,4.1456,1.4141,0.97087,270.92,0.08266,-0.093549,-0.042925,0.056635
0.432,1.7635,0.50569,-0.48362,0.35888,-1.6328,-16.981,34.289,-0.55614,-0.4016,-0.34478,0.24659,-3.0783,-0.16691,0.3196,4.1834,1.4141,0.39602,287.62,0.044398,-0.096218,-0.053649,0.060313
0.452,1.64,0.62861,-0.22093,1.2001,-1.6417,-16.99,34.329,-0.5097,-0.38487,-0.35331,0.25937,-3.3483,-0.17324,0.30656,4.4035,1.3394,-0.48331,297.64,-0.010102,-0.099508,-0.063219,0.062636
0.484,1.5164,0.61217,0.03464,1.2001,-1.6417,-16.99,34.136,-0.46842,-0.36768,-0.35614,0.27971,-3.6005,-0.17951,0.294,4.6614,1.3394,-1.3626,302.67,-0.075781,-0.10352,-0.07278,0.065841
0.505,1.4258,0.44294,0.25042,1.2001,-1.6417,-16.99,33.688,-0.432,-0.35267,-0.35343,0.29159,-3.809,-0.18237,0.28739,4.6614,1.2923,-1.9399,304.92,-0.14132,-0.10714,-0.083524,0.068176
0.532,1.3876,0.14176,0.39337,1.6132,-1.6417,-16.99,33.067,-0.39478,-0.34188,-0.34612,0.3065,-3.9342,-0.18043,0.30028,4.6614,1.2452,-2.5171,306.52,-0.20658,-0.11028,-0.094228,0.072776
0.553,1.4077,-0.22979,0.43797,2.0263,-1.6417,-16.99,32.446,-0.35508,-0.33954,-0.33638,0.31698,-3.9374,-0.17376,0.35254,4.6477,1.0445,-2.767,308.97,-0.28052,-0.11388,-0.10261,0.077321
0.584,1.4803,-0.57276,0.37478,2.0263,-1.6417,-16.99,32.108,-0.31452,-0.34698,-0.32677,0.33256,-3.7922,-0.16474,0.46289,4.6339,0.84379,-3.0169,312.83,-0.35969,-0.11769,-0.10856,0.086817
0.606,1.5914,-0.7661,0.21616,2.0263,-1.6417,-16.99,32.381,-0.27323,-0.35936,-0.31976,0.34252,-3.4926,-0.15413,0.64113,4.9545,0.7816,-3.583,317.54,-0.42828,-0.12072,-0.11261,0.094773
0.631,1.724,-0.69297,-0.00021193,2.0263,-1.3694,-16.467,33.607,-0.22867,-0.37035,-0.31776,0.35374,-3.0569,-0.14175,0.87908,5.275,0.71941,-4.1491,321.62,-0.48141,-0.1232,-0.11187,0.10537
0.653,1.8599,-0.2725,-0.21476,2.0263,-1.0971,-15.945,36.042,-0.178,-0.3752,-0.32181,0.36312,-2.5204,-0.12394,1.1451,4.9682,0.71941,-4.1491,322.98,-0.52799,-0.12583,-0.10224,0.11561
0.685,1.9822,0.51133,-0.3591,2.0263,-1.0883,-15.149,39.772,-0.12203,-0.36762,-0.33026,0.3772,-1.9281,-0.096259,1.3849,4.6614,0.71941,-4.1491,319.42,-0.56867,-0.12807,-0.084895,0.13236
0.705,2.0762,1.593,-0.3707,2.0263,-1.0796,-14.354,44.694,-0.065211,-0.33842,-0.33975,0.38489,-1.3222,-0.055702,1.5305,4.6477,0.63923,-4.6514,309.22,-0.59225,-0.12916,-0.065482,0.14301
0.732,2.1302,2.8283,-0.20992,1.9522,-0.52317,-13.044,50.493,-0.0094228,-0.27974,-0.34695,0.39512,-0.73652,-0.0042252,1.5145,4.6339,0.55905,-5.1537,291.62,-0.59555,-0.12917,-0.046887,0.15805
0.752,2.1343,4.017,0.12537,1.8782,0.03323,-11.733,56.715,0.048868,-0.18841,-0.34856,0.40158,-0.19614,0.046644,1.2891,4.6339,0.0050083,-5.2188,267.05,-0.58747,-0.12808,-0.028903,0.16894
0.785,2.08,4.9453,0.59639,1.4352,0.18587,-10.838,62.897,0.11181,-0.066282,-0.34043,0.41214,0.27653,0.077004,0.84305,4.6339,-0.54903,-5.2839,237.05,-0.5718,-0.12572,-0.015638,0.18712
0.805,1.9601,5.4338,1.1278,0.99222,0.33851,-9.9426,68.734,0.17483,0.077912,-0.31883,0.41848,0.65514,0.060824,0.21259,4.0849,-0.58192,-5.7936,203.97,-0.54414,-0.12319,-0.016269,0.19737
0.837,1.7683,5.3793,1.6246,0.99222,0.35249,-9.5396,74.285,0.23179,0.22698,-0.28354,0.43069,0.90425,-0.024831,-0.51936,3.5359,-0.6148,-6.3034,170.38,-0.50637,-0.12242,-0.036219,0.21331
0.859,1.5013,4.7808,1.9942,0.99222,0.36646,-9.1366,80.132,0.28083,0.36129,-0.23905,0.44153,0.98377,-0.18994,-1.2349,1.827,-0.62873,-6.8943,138.62,-0.46793,-0.12459,-0.072994,0.22321
0.885,1.1638,3.7404,2.1673,-0.70388,0.83664,-8.6719,87.45,0.32206,0.46891,-0.19148,0.4567,0.86074,-0.42061,-1.8035,0.11811,-0.64265,-7.4852,110.43,-0.43356,-0.13073,-0.1219,0.23434
0.906,0.77243,2.4385,2.1146,-2.4,1.3068,-8.2072,97.975,0.35431,0.54726,-0.14458,0.47102,0.52674,-0.67372,-2.1104,-0.47362,-0.64265,-7.7864,86.774,-0.4035,-0.14246,-0.18002,0.2428
0.932,0.3578,1.0911,1.8522,-2.7738,1.3068,-7.7797,113.82,0.37672,0.59606,-0.099891,0.49001,0.015894,-0.87932,-2.0819,-1.0654,-0.64265,-8.0876,67.866,-0.38308,-0.16024,-0.24287,0.2537
0.953,-0.035915,-0.099244,1.4346,-3.1475,1.3068,-7.3523,137.16,0.39022,0.61509,-0.060134,0.50649,-0.58651,-0.95276,-1.7043,-1.0654,-0.62873,-8.9434,53.29,-0.37938,-0.18198,-0.30258,0.2628
0.986,-0.35553,-0.98628,0.94034,-3.1475,1.3068,-6.9696,169.86,0.39613,0.60917,-0.029939,0.53171,-1.1502,-0.81548,-1.0279,-1.0654,-0.6148,-9.7992,42.233,-0.39113,-0.20399,-0.35104,0.27915
1.006,-0.5495,-1.5045,0.45245,-3.1475,1.3068,-6.5869,213.08,0.39624,0.5883,-0.012705,0.54761,-1.5211,-0.41878,-0.15845,-1.0654,-0.55652,-10.97,33.681,-0.41146,-0.22045,-0.38141,0.28947
1.033,-0.58148,-1.6719,0.039809,-3.1475,1.1879,-6.2009,266.89,0.3939,0.56045,-0.0081481,0.56789,-1.5557,0.23407,0.76561,-1.0654,-0.49825,-12.14,26.65,-0.43561,-0.2224,-0.38754,0.30452
1.053,-0.44335,-1.5715,-0.25416,-3.1475,1.0691,-5.8149,330.17,0.39309,0.52935,-0.01303,0.58299,-1.162,1.0771,1.6019,0.96276,-0.1984,-13.027,20.355,-0.45805,-0.20241,-0.36761,0.31562
1.086,-0.16301,-1.3203,-0.41379,-3.1333,1.0376,-5.0224,400.48,0.39692,0.49965,-0.023064,0.60584,-0.32747,1.9854,2.2331,2.9909,0.10145,-13.913,14.294,-0.46814,-0.16079,-0.32849,0.3341
1.107,0.19615,-1.0345,-0.44763,-3.1191,1.0062,-4.23,474.38,0.40801,0.47763,-0.034493,0.62079,0.86423,2.7948,2.5891,3.0052,0.10145,-13.913,8.276,-0.45476,-0.10305,-0.28131,0.34471
1.133,0.54416,-0.80257,-0.37822,-3.1094,0.91173,-3.4358,547.78,0.42826,0.46509,-0.04513,0.6388,2.252,3.3331,2.6568,3.0195,0.10145,-13.913,2.3761,-0.41079,-0.032159,-0.23228,0.35652
1.154,0.78485,-0.67095,-0.23386,-3.0997,0.81729,-2.6417,616.5,0.45697,0.45737,-0.053771,0.65392,3.6069,3.4659,2.4777,3.3705,0.097686,-13.913,-3.1549,-0.33181,0.050318,-0.18211,0.36431
1.185,0.84078,-0.64411,-0.042438,-2.6387,0.78011,-2.1488,676.83,0.49017,0.44918,-0.058668,0.67578,4.6824,3.13,2.1319,3.7215,0.093924,-13.913,-8.0197,-0.21837,0.13564,-0.13329,0.37343
1.206,0.67606,-0.69657,0.17126,-2.1776,0.74294,-1.6559,726.08,0.52212,0.43921,-0.058,0.69164,5.2812,2.3499,1.7147,3.7215,-0.041383,-13.045,-11.985,-0.081588,0.20791,-0.092132,0.37832
1.238,0.31032,-0.78961,0.3812,-1.7748,0.69105,-1.2632,762.93,0.54743,0.42879,-0.051893,0.71522,5.2859,1.2408,1.3129,3.7215,-0.17669,-12.177,-14.909,0.059414,0.25436,-0.063111,0.38617
1.258,-0.17979,-0.8875,0.55992,-1.3721,0.63916,-0.87051,787.63,0.56248,0.4184,-0.042024,0.73094,4.6879,-0.013819,0.98633,3.3705,-0.17669,-8.4213,-16.794,0.18615,0.27089,-0.045105,0.39267
1.285,-0.67742,-0.96757,0.67813,-0.96972,0.63916,-0.47528,801.85,0.56581,0.40631,-0.029135,0.75143,3.5865,-1.1999,0.75827,3.0195,-0.17669,-4.6653,-17.769,0.28604,0.25773,-0.034033,0.40284
1.305,-1.0519,-1.023,0.70948,-0.56739,0.63916,-0.080042,808.41,0.55775,0.39055,-0.013342,0.76701,2.1615,-2.118,0.61682,2.3636,-0.17669,-0.065033,-18.056,0.35409,0.21672,-0.026395,0.41158
1.337,-1.1943,-1.0591,0.63938,0.63766,0.53176,0.31563,810.76,0.54191,0.37236,0.0031661,0.79005,0.6271,-2.6224,0.52496,1.7078,-0.17669,4.5352,-17.893,0.39133,0.15566,-0.020444,0.42554
1.358,-1.0494,-1.0849,0.47313,1.8427,0.42436,0.71129,812.39,0.5265,0.35518,0.016372,0.80548,-0.82153,-2.647,0.43743,0.30569,-0.041383,8.3356,-17.527,0.39692,0.089526,-0.016353,0.43495
1.385,-0.62873,-1.1098,0.24191,3.1102,-0.068379,1.0687,816.26,0.52061,0.33907,0.023715,0.82427,-2.0535,-2.2112,0.31765,-1.0964,0.093924,12.136,-17.14,0.3648,0.032755,-0.01542,0.44589
1.406,-0.014255,-1.1378,0.00024701,4.3778,-0.56112,1.4261,824.29,0.52842,0.32054,0.025273,0.83919,-3.0277,-1.4074,0.14823,-1.0964,0.17175,15.289,-16.861,0.29605,-0.0080017,-0.01827,0.45351
1.437,0.66037,-1.1653,-0.18515,4.3778,-0.6699,2.2296,837.12,0.54985,0.29945,0.022158,0.86022,-3.788,-0.37493,-0.062768,-1.0964,0.24958,18.441,-16.719,0.20656,-0.030769,-0.024677,0.46194
1.459,1.2407,-1.1853,-0.25305,4.3778,-0.77868,3.033,853.92,0.58491,0.27997,0.016107,0.87609,-4.4321,0.73038,-0.28543,-1.496,0.73765,20.444,-16.71,0.10936,-0.03075,-0.035203,0.46602
1.484,1.5865,-1.1899,-0.16701,4.3778,-0.77868,3.033,872.59,0.63219,0.26259,0.010449,0.89451,-5.0604,1.7633,-0.47802,-1.8956,1.2257,22.446,-16.79,-0.0029174,-0.0013336,-0.050964,0.46806
1.506,1.6037,-1.1684,0.068457,4.3778,-0.77868,3.033,890.03,0.68518,0.24307,0.0091724,0.91175,-5.7218,2.6073,-0.59824,-2.0786,1.2257,23.677,-16.874,-0.14281,0.056733,-0.071263,0.4696
1.538,1.2609,-1.1163,0.40317,4.3778,-0.77868,3.033,902.58,0.73497,0.22163,0.014659,0.93717,-6.3764,3.1823,-0.61696,-2.2616,1.2257,24.909,-16.932,-0.30414,0.13209,-0.093097,0.47716
1.558,0.59415,-1.0392,0.75136,4.3778,-0.77868,3.033,906.56,0.77349,0.20419,0.027389,0.95457,-6.8824,3.4432,-0.5246,-2.2616,1.2257,24.909,-16.918,-0.46956,0.21178,-0.11307,0.4853
1.585,-0.30666,-0.94318,1.0095,4.3778,-0.83158,3.4292,898.74,0.79141,0.19199,0.047036,0.97787,-7.0243,3.3753,-0.33448,-2.2616,1.2257,24.909,-16.824,-0.63375,0.29037,-0.12853,0.50119
1.605,-1.3165,-0.83981,1.0835,4.3778,-0.88449,3.8255,876.75,0.7811,0.17993,0.071969,0.99579,-6.5705,2.9895,-0.078156,-3.0441,0.78044,24.909,-16.689,-0.80094,0.36705,-0.13779,0.51641
1.638,-2.3008,-0.74742,0.91915,4.3778,-0.9406,4.2328,839.44,0.7457,0.16719,0.097527,1.0232,-5.3493,2.321,0.20201,-3.8265,0.33516,24.909,-16.549,-0.96134,0.43626,-0.14068,0.54767
1.658,-3.1353,-0.68847,0.51763,4.3778,-0.99671,4.64,786.96,0.69503,0.15849,0.11625,1.0399,-3.3197,1.4298,0.46281,-3.8265,0.33516,23.923,-16.442,-1.0838,0.48628,-0.13782,0.56955
1.685,-3.7205,-0.68562,-0.059728,4.81,-1.1655,4.9935,720.81,0.63008,0.15307,0.12106,1.0603,-0.61449,0.40117,0.66983,-3.8265,0.33516,22.937,-16.39,-1.1353,0.50742,-0.12884,0.60129
1.706,-3.9916,-0.75477,-0.70378,5.2423,-1.3344,5.347,643.64,0.54607,0.14409,0.10912,1.0751,2.462,-0.65749,0.80117,-3.8265,0.33516,21.256,-16.358,-1.105,0.49938,-0.11351,0.62641
1.738,-3.9208,-0.89893,-1.2847,5.9913,-1.3344,6.1678,558.96,0.45302,0.1301,0.082973,1.0937,5.482,-1.6271,0.85107,-3.8265,0.33516,19.576,-16.313,-1.0075,0.46932,-0.094767,0.66269
1.759,-3.5211,-1.1022,-1.6824,6.7403,-1.3344,6.9886,470.84,0.37321,0.11516,0.047688,1.1047,7.9837,-2.3936,0.82724,-3.8184,0.52114,18.665,-16.199,-0.86024,0.42338,-0.07713,0.68372
1.785,-2.8486,-1.3288,-1.8147,6.7403,-1.3344,7.4566,383.44,0.31484,0.097407,0.0071899,1.1159,9.575,-2.8677,0.74774,-3.8102,0.70711,17.754,-15.979,-0.66535,0.36233,-0.061765,0.70523
1.806,-2.0012,-1.5271,-1.6571,6.7403,-1.3344,7.9246,300.67,0.26938,0.070293,-0.035247,1.1239,10.029,-3.0041,0.63636,-3.777,0.88599,16.945,-15.65,-0.42644,0.2878,-0.046864,0.71825
1.839,-1.1156,-1.64,-1.2442,6.7403,-0.97165,9.2179,225.87,0.23691,0.035842,-0.073536,1.134,9.3398,-2.8106,0.5185,-3.7438,1.0649,16.135,-15.302,-0.17775,0.21029,-0.032796,0.73084
1.859,-0.3537,-1.6196,-0.6579,6.7403,-0.60891,10.511,161.5,0.22841,0.0039966,-0.099088,1.1401,7.722,-2.3498,0.41721,-3.4973,1.0981,15.48,-15.082,0.029165,0.14475,-0.022157,0.73491
1.886,0.12132,-1.4412,-0.0073934,6.714,-0.50261,11.676,109.08,0.24051,-0.021263,-0.1064,1.1479,5.5584,-1.7257,0.35022,-3.2508,1.1313,14.824,-15.169,0.17112,0.097765,-0.014686,0.7398
1.906,0.17608,-1.1152,0.59772,6.6877,-0.39631,12.842,69.059,0.25438,-0.043028,-0.096697,1.1542,3.3053,-1.0604,0.32802,-2.9484,1.1561,14.251,-15.67,0.26197,0.065462,-0.0070695,0.7451
1.938,-0.26189,-0.69053,1.0707,6.6877,-0.39631,12.842,40.971,0.26045,-0.0596,-0.075132,1.1638,1.3836,-0.47,0.35185,-2.6461,1.181,13.678,-16.484,0.31554,0.044209,0.0020808,0.75501
1.959,-1.1792,-0.24864,1.3601,6.6877,-0.39631,12.842,23.549,0.2573,-0.064238,-0.046243,1.1705,0.087102,-0.039295,0.41362,-2.3664,1.2268,13.103,-17.183,0.32995,0.035166,0.011666,0.76242
1.985,-2.4651,0.11223,1.4526,6.6877,-0.42523,12.842,14.959,0.22922,-0.056724,-0.01307,1.178,-0.47439,0.18979,0.49643,-2.0867,1.2725,12.528,-16.895,0.31255,0.036807,0.022326,0.7713
2.006,-3.9243,0.29849,1.3668,6.6877,-0.45414,12.842,13.062,0.15598,-0.044129,0.021496,1.1835,-0.37556,0.22298,0.57746,-2.0657,1.4374,12.197,-14.27,0.28886,0.041805,0.036421,0.77831
2.037,-5.3096,0.24407,1.1383,8.4722,-0.45414,11.253,15.661,0.043353,-0.031128,0.05391,1.1886,0.1666,0.10392,0.63263,-2.0447,1.6023,11.866,-7.5104,0.27711,0.044384,0.053714,0.78788
2.059,-6.3703,-0.071119,0.80739,10.257,-0.45414,9.6637,20.719,-0.08567,-0.020312,0.079746,1.1915,0.86916,-0.10168,0.64159,-1.7667,1.6023,10.733,5.5284,0.27724,0.043776,0.071129,0.79482
2.084,-6.9044,-0.60956,0.41074,10.257,-1.1033,7.204,26.532,-0.22555,-0.019829,0.094795,1.1959,1.4647,-0.32405,0.59224,-1.4887,1.6023,9.5999,27.155,0.28857,0.038988,0.086963,0.80286
2.105,-6.7996,-1.2892,-0.022039,10.257,-1.7524,4.7443,31.838,-0.38361,-0.038966,0.097942,1.2018,1.7691,-0.50716,0.48613,-1.2183,1.6023,9.0222,59.624,0.31468,0.027662,0.10187,0.81015
2.138,-6.0583,-1.9973,-0.46493,10.257,-1.7524,1.8115,35.846,-0.54531,-0.076752,0.091736,1.2164,1.7132,-0.61721,0.33714,-0.94797,1.6023,8.4445,104.77,0.34839,0.011374,0.11556,0.82219
2.158,-4.7922,-2.606,-0.89357,10.257,-1.7524,-1.1212,38.221,-0.67582,-0.12522,0.077855,1.2277,1.3408,-0.64645,0.16836,-0.68775,1.3031,7.6297,163.5,0.37295,-0.0048658,0.12572,0.83036
2.185,-3.1955,-3.0021,-1.2804,7.3731,-1.9405,-3.2473,38.997,-0.75688,-0.18232,0.053946,1.2459,0.77447,-0.60767,0.005055,-0.42753,1.0038,6.815,235.2,0.38042,-0.019294,0.1308,0.84153
2.205,-1.5009,-3.1061,-1.5934,4.4895,-2.1287,-5.3734,38.473,-0.79756,-0.25039,0.018187,1.2605,0.16348,-0.52685,-0.13037,-0.41596,0.92116,5.669,317.19,0.37439,-0.033665,0.13205,0.85007
2.237,0.071634,-2.8854,-1.802,2.8734,-2.2905,-6.9818,37.081,-0.80894,-0.32282,-0.025175,1.2859,-0.36259,-0.43318,-0.22503,-0.40438,0.8385,4.5231,404.5,0.35733,-0.047488,0.13164,0.86296
2.258,1.3565,-2.3588,-1.8815,1.2574,-2.4523,-8.5901,35.28,-0.78949,-0.3838,-0.069168,1.3025,-0.72738,-0.35108,-0.27947,-0.16801,0.77577,3.3482,490.29,0.32873,-0.058112,0.13034,0.8712
2.284,2.266,-1.5931,-1.8205,0.95605,-2.4523,-9.905,33.451,-0.73739,-0.42328,-0.11126,1.3231,-0.91825,-0.29537,-0.30503,0.068366,0.71304,2.1733,566.99,0.29171,-0.065883,0.12785,0.88048
2.306,2.795,-0.69226,-1.6262,0.6547,-2.4523,-11.22,31.857,-0.66219,-0.44274,-0.15237,1.3396,-0.96992,-0.27044,-0.32007,0.073193,0.6217,1.0357,627.89,0.25123,-0.073675,0.12453,0.88768
2.337,3.0061,0.21746,-1.3239,0.65261,-2.4523,-12.13,30.612,-0.57972,-0.4451,-0.19,1.3618,-0.93997,-0.27078,-0.34116,0.078021,0.53036,-0.10187,668.81,0.20963,-0.082042,0.12141,0.89648
2.358,3.0003,1.0061,-0.95216,0.65051,-2.4523,-13.041,29.722,-0.50056,-0.42841,-0.21807,1.3751,-0.88169,-0.28734,-0.37806,0.078021,0.21763,-0.35997,689.06,0.16894,-0.089578,0.11851,0.90189
2.384,2.8866,1.5599,-0.55533,-0.5919,-2.4523,-13.574,29.088,-0.42444,-0.39266,-0.23377,1.3902,-0.82373,-0.31109,-0.42738,0.078021,-0.0951,-0.61807,691.57,0.13116,-0.096874,0.11473,0.9077
2.405,2.7542,1.8004,-0.17567,-1.8343,-2.4523,-14.106,28.602,-0.34628,-0.34509,-0.23983,1.4006,-0.76293,-0.33308,-0.4733,0.073193,-0.18137,-1.7631,681.86,0.094478,-0.10586,0.10951,0.91194
2.438,2.6575,1.702,0.15557,-3.2293,-2.1665,-14.482,28.174,-0.26726,-0.29576,-0.23934,1.4152,-0.67247,-0.34777,-0.4914,0.068366,-0.26764,-2.9082,666.58,0.056676,-0.1161,0.10356,0.91768
2.458,2.6132,1.3012,0.41877,-4.6243,-1.8807,-14.857,27.832,-0.19428,-0.25321,-0.23227,1.4219,-0.52551,-0.35036,-0.45527,0.068366,-0.60997,-3.7437,651.83,0.021533,-0.1256,0.098306,0.92095
2.485,2.606,0.69709,0.60745,-4.7634,-1.054,-14.857,27.694,-0.12714,-0.22476,-0.21828,1.43,-0.29734,-0.34065,-0.34647,0.068366,-0.95229,-4.5791,641.84,-0.0059152,-0.13417,0.095599,0.92521
2.506,2.6051,0.037696,0.72538,-5.3279,-1.054,-14.857,27.997,-0.057029,-0.214,-0.19935,1.4351,0.0037972,-0.31679,-0.16195,-0.2222,-0.95229,-4.5791,638.19,-0.026646,-0.14312,0.097339,0.92858
2.538,2.5783,-0.50562,0.78121,-5.7533,-1.054,-14.857,29.021,0.018094,-0.21711,-0.17837,1.4429,0.33426,-0.27525,0.081466,-0.51276,-0.95229,-4.5791,639.56,-0.04259,-0.15214,0.10425,0.93408
2.559,2.5055,-0.77384,0.78814,-5.7533,-0.066146,-14.857,31.074,0.088745,-0.22686,-0.15728,1.448,0.64577,-0.21783,0.34654,-0.51276,-1.3131,-5.4169,642.03,-0.050872,-0.15938,0.11628,0.93792
2.585,2.3825,-0.65772,0.75928,-5.7533,0.094963,-14.688,34.361,0.14966,-0.23871,-0.1371,1.4553,0.89403,-0.15116,0.57987,-0.51276,-1.6739,-6.2547,639.86,-0.050492,-0.16426,0.1344,0.94309
2.606,2.2204,-0.1279,0.70827,-5.7533,0.094963,-13.591,38.961,0.20772,-0.24635,-0.11791,1.462,1.0581,-0.087211,0.72251,-0.7464,-1.6934,-6.8384,626.84,-0.046076,-0.16785,0.15909,0.94761
2.637,2.037,0.7514,0.64949,-5.3279,-0.066146,-12.663,44.779,0.26837,-0.23611,-0.098801,1.473,1.1515,-0.042653,0.72054,-0.98004,-1.713,-7.4221,597.82,-0.038923,-0.1708,0.1866,0.95494
2.658,1.8479,1.8303,0.59616,-4.8548,-0.40476,-11.907,51.543,0.32634,-0.19644,-0.079536,1.4813,1.2245,-0.035457,0.53702,-1.5428,-1.721,-8.0062,550.24,-0.025394,-0.173,0.21071,0.96031
2.691,1.6585,2.9028,0.55921,-4.8071,-0.58226,-11.152,58.876,0.37528,-0.13054,-0.061724,1.4947,1.3494,-0.078993,0.1615,-2.1056,-1.7291,-8.5904,485,-0.0080248,-0.17518,0.22795,0.96934
2.711,1.4576,3.7535,0.54397,-4.3229,-0.58226,-10.75,66.382,0.41615,-0.049476,-0.046482,1.5038,1.5975,-0.1755,-0.38466,-4.1075,-1.7291,-8.8925,406.36,0.0071053,-0.17905,0.23632,0.97508
2.738,1.2239,4.2056,0.54858,-3.8388,-0.58226,-10.348,73.792,0.4514,0.043242,-0.031947,1.5166,2.0103,-0.3097,-1.0478,-6.1094,-1.7291,-9.1946,320.99,0.027101,-0.18587,0.22986,0.9829
2.758,0.93307,4.161,0.56433,-3.4299,-0.39858,-10.348,81.112,0.48004,0.14784,-0.015505,1.5273,2.5775,-0.44787,-1.7479,-6.9293,-1.7291,-10.087,236.23,0.067548,-0.19613,0.20232,0.98867
2.791,0.56801,3.6244,0.57811,-3.021,-0.2149,-10.348,88.743,0.5009,0.25255,0.0023427,1.5459,3.2287,-0.54102,-2.3891,-7.7492,-1.7291,-10.98,158.58,0.12839,-0.20971,0.15662,0.99805
2.812,0.12966,2.698,0.57653,-2.6634,-0.33545,-9.42,97.537,0.5132,0.33585,0.019054,1.5596,3.8445,-0.53552,-2.8751,-10.103,-1.3863,-11.586,92.592,0.19571,-0.22458,0.10239,1.0044
2.838,-0.35706,1.5546,0.55208,-2.3058,-0.45601,-8.4918,108.8,0.51323,0.38553,0.03424,1.577,4.2851,-0.38692,-3.1253,-12.456,-1.0435,-12.191,40.535,0.26809,-0.23638,0.04392,1.0131
2.859,-0.84342,0.39409,0.50623,-2.3058,-0.45601,-8.1039,124.15,0.49779,0.40536,0.04954,1.5918,4.4292,-0.075075,-3.0891,-12.456,-0.51367,-13.052,2.6743,0.35582,-0.24118,-0.020433,1.0214
2.89,-1.2677,-0.60239,0.45009,-2.3058,-0.45601,-7.7159,145.35,0.47022,0.40338,0.064829,1.6126,4.2115,0.38504,-2.7568,-12.456,0.016189,-13.913,-22.14,0.4521,-0.23752,-0.086054,1.036
2.912,-1.5675,-1.3099,0.40089,-2.2557,-0.42211,-7.3245,174.01,0.43681,0.3832,0.078154,1.6272,3.6502,0.94082,-2.162,-12.456,0.016189,-15.045,-35.882,0.53299,-0.22387,-0.13915,1.0483
2.938,-1.6992,-1.6798,0.37665,-2.2056,-0.38822,-6.9332,211.3,0.3994,0.34771,0.089591,1.643,2.8482,1.5088,-1.3782,-12.456,0.016189,-16.177,-40.91,0.58854,-0.19626,-0.16937,1.0643
2.959,-1.6488,-1.7377,0.38765,-2.201,-0.42211,-6.1395,257.69,0.35771,0.30379,0.10161,1.655,1.9763,1.991,-0.50568,-11.349,0.016189,-16.357,-39.724,0.62799,-0.15257,-0.1777,1.0782
2.991,-1.4397,-1.5653,0.43112,-2.1964,-0.45601,-5.3459,312.76,0.31655,0.26052,0.11523,1.6708,1.233,2.2954,0.3448,-10.242,0.016189,-16.537,-34.745,0.65447,-0.097892,-0.16903,1.0998
3.011,-1.1257,-1.2706,0.49104,-1.3819,-0.45601,-4.4487,375.14,0.28362,0.22462,0.12925,1.6803,0.79312,2.3572,1.0709,-6.0711,-0.62951,-16.537,-28.123,0.66265,-0.041893,-0.14379,1.1136
3.038,-0.77816,-0.95769,0.54053,-0.56739,-0.45601,-3.5515,442.55,0.26108,0.19743,0.14353,1.6918,0.76134,2.1546,1.5938,-1.9,-1.2752,-16.537,-21.593,0.66088,0.0089872,-0.10111,1.1319
3.058,-0.46821,-0.70326,0.55006,-0.53222,-0.46905,-2.7556,512.05,0.24525,0.17591,0.15938,1.7002,1.1485,1.7099,1.8724,-1.9,-2.0469,-16.537,-16.327,0.66866,0.053287,-0.045344,1.1456
3.09,-0.24833,-0.54623,0.49524,-0.49706,-0.4821,-1.9598,580.32,0.23351,0.15746,0.17601,1.7123,1.8661,1.0837,1.9054,-1.9,-2.8185,-16.537,-12.89,0.69298,0.088635,0.014708,1.1676
3.111,-0.14266,-0.48862,0.36862,-0.49685,-0.43516,-1.0199,644.03,0.22601,0.142,0.19,1.7207,2.7425,0.36434,1.7255,-1.9,-3.0454,-14.201,-11.306,0.72999,0.10859,0.071211,1.183
3.137,-0.14579,-0.50561,0.1831,-0.49665,-0.38822,-0.080042,700.29,0.22096,0.12823,0.19894,1.7305,3.5646,-0.35342,1.3903,-1.9,-3.2723,-11.866,-11.236,0.78453,0.10769,0.11997,1.2033
3.158,-0.22674,-0.56229,-0.031324,-0.13321,-0.23452,0.66124,746.93,0.2139,0.11243,0.20298,1.7386,4.1258,-0.98406,0.96542,-3.1378,-3.2723,-9.0611,-12.153,0.86409,0.087462,0.15971,1.2211
3.19,-0.34433,-0.6257,-0.2327,0.23022,-0.080826,1.4025,782.77,0.20295,0.09344,0.20278,1.7497,4.2724,-1.4635,0.51138,-4.3756,-3.2723,-6.2565,-13.529,0.95825,0.05489,0.19049,1.2509
3.211,-0.45911,-0.67429,-0.37978,0.23022,0.057331,1.859,807.74,0.19007,0.074099,0.19865,1.7571,3.9329,-1.7548,0.073596,-5.3575,-3.2723,-3.1737,-14.934,1.0443,0.016048,0.21183,1.2725
3.237,-0.54343,-0.69962,-0.44252,0.23022,0.19549,2.3155,822.8,0.17597,0.055376,0.19191,1.7655,3.1311,-1.8478,-0.32045,-6.3394,-3.2723,-0.090954,-16.089,1.1093,-0.026704,0.22198,1.301
3.258,-0.5881,-0.70307,-0.40954,0.23022,0.19549,3.116,829.75,0.1587,0.034728,0.18475,1.7721,1.9767,-1.7549,-0.65942,-6.3394,-3.1889,2.7657,-16.88,1.1517,-0.071726,0.22049,1.3252
3.29,-0.59749,-0.69224,-0.28994,0.23022,0.19549,3.9164,830.9,0.13865,0.012058,0.17898,1.7808,0.63944,-1.5051,-0.94002,-6.3394,-3.1055,5.6223,-17.313,1.17,-0.1148,0.21101,1.3628
3.311,-0.58585,-0.67257,-0.10911,-0.099211,0.38677,4.3821,828.64,0.11969,-0.0091401,0.1764,1.7865,-0.68827,-1.139,-1.1587,-6.3394,-1.8235,8.5413,-17.483,1.159,-0.14988,0.1983,1.3877
3.338,-0.56829,-0.64563,0.099907,-0.42865,0.57804,4.8478,825.06,0.10296,-0.028059,0.17923,1.7932,-1.8304,-0.70411,-1.3063,-6.3394,-0.54151,11.46,-17.484,1.1153,-0.17261,0.18262,1.4188
3.358,-0.55425,-0.61028,0.30603,-0.42865,0.63444,5.7207,821.52,0.085133,-0.047512,0.18831,1.7983,-2.6598,-0.2501,-1.3678,-5.621,0.25627,13.142,-17.423,1.0416,-0.18294,0.16157,1.441
3.39,-0.5463,-0.56476,0.48733,-0.42865,0.69085,6.5935,818.38,0.065134,-0.067824,0.20201,1.8059,-3.12,0.17631,-1.3275,-4.9025,1.0541,14.824,-17.349,0.95041,-0.18394,0.13769,1.4734
3.412,-0.53979,-0.51313,0.63481,-0.42865,0.69085,7.3914,814.94,0.0464,-0.086109,0.2185,1.8116,-3.2311,0.53747,-1.1792,-4.9025,1.0541,16.273,-17.297,0.8586,-0.17763,0.11822,1.4938
3.437,-0.52754,-0.46146,0.74803,-0.42865,0.69085,8.1893,809.44,0.029931,-0.10186,0.23782,1.8184,-3.0829,0.81107,-0.93691,-4.9025,1.0541,17.722,-17.254,0.77217,-0.16299,0.10633,1.5147
3.459,-0.50404,-0.42436,0.82957,-0.12047,0.69085,8.5911,799.38,0.012185,-0.1175,0.26065,1.8248,-2.8103,0.99462,-0.63938,-4.9025,1.0541,18.634,-17.199,0.68576,-0.13977,0.099507,1.5312
3.49,-0.46822,-0.42215,0.87719,0.18771,0.69085,8.993,781.89,-0.0073484,-0.13387,0.28598,1.8344,-2.5625,1.1057,-0.34865,-4.9025,1.0541,19.545,-17.098,0.60041,-0.11224,0.097304,1.5515
3.511,-0.42672,-0.46449,0.8778,0.19974,0.55215,9.7915,754.26,-0.024478,-0.15007,0.31127,1.8416,-2.4731,1.1764,-0.14102,-4.9025,1.0541,19.545,-16.927,0.52485,-0.085263,0.10241,1.5637
3.538,-0.39302,-0.54729,0.80773,0.21177,0.41346,10.59,714.46,-0.038801,-0.16706,0.33434,1.8514,-2.6261,1.2436,-0.089925,-4.9025,1.0541,19.545,-16.667,0.45435,-0.057711,0.11223,1.5772
3.558,-0.38693,-0.64734,0.63986,0.21989,0.41346,11.387,661.61,-0.055136,-0.18713,0.35434,1.8594,-3.0377,1.3363,-0.24506,-4.9025,1.0541,19.545,-16.283,0.37049,-0.025106,0.11852,1.5858
3.591,-0.43259,-0.72251,0.35417,0.22801,0.41346,12.184,596.27,-0.07427,-0.21051,0.37038,1.8731,-3.649,1.4639,-0.61489,-4.9025,1.0541,19.545,-15.771,0.26814,0.012234,0.11703,1.597
3.611,-0.55482,-0.71901,-0.050006,0.99997,0.41346,12.997,520.49,-0.092706,-0.23454,0.37929,1.882,-4.3355,1.6112,-1.1592,-4.591,1.1448,18.973,-15.149,0.15889,0.049943,0.10791,1.6019
3.638,-0.7758,-0.58404,-0.54434,1.7719,0.41346,13.809,437.72,-0.11351,-0.25549,0.37603,1.8944,-4.9362,1.741,-1.7919,-4.2795,1.2356,18.402,-14.503,0.043365,0.088104,0.08626,1.6062
3.658,-1.1075,-0.28282,-1.0714,2.6667,0.56658,14.642,352.34,-0.14557,-0.27023,0.35768,1.9037,-5.2834,1.8029,-2.3958,-3.9941,1.4177,17.487,-13.979,-0.091525,0.13122,0.044408,1.609
3.69,-1.545,0.18605,-1.5514,3.5615,0.7197,15.476,269.2,-0.19018,-0.27687,0.32656,1.9184,-5.2437,1.7512,-2.8467,-3.7087,1.5998,16.572,-13.807,-0.24167,0.17851,-0.014686,1.6163
3.712,-2.0619,0.78096,-1.8963,4.7656,1.0994,16.783,192.92,-0.24165,-0.27302,0.28785,1.9284,-4.7522,1.5579,-3.0424,-3.3867,1.7147,16.017,-14.252,-0.37996,0.2216,-0.07769,1.6246
3.738,-2.6081,1.419,-2.0297,5.9696,1.4792,18.09,127.36,-0.30264,-0.25398,0.24522,1.94,-3.8309,1.2227,-2.9254,-3.0647,1.8297,15.462,-15.587,-0.48816,0.25413,-0.13621,1.6376
3.759,-3.1144,1.9897,-1.9061,5.9696,1.927,18.09,75.138,-0.38282,-0.21657,0.201,1.9496,-2.5867,0.77875,-2.4982,-2.5084,1.8375,14.305,-17.962,-0.57,0.27691,-0.19058,1.6505
3.791,-3.503,2.3789,-1.5228,5.9696,2.3748,18.09,37.361,-0.47985,-0.16555,0.1601,1.9651,-1.1902,0.2836,-1.8233,-1.9522,1.8453,13.147,-21.263,-0.62863,0.29148,-0.23738,1.6726
3.812,-3.7045,2.497,-0.92492,5.9696,2.3748,18.09,13.635,-0.57844,-0.11168,0.13087,1.9765,0.15444,-0.19436,-1.0109,-1.6874,2.0321,12.785,-25.02,-0.65491,0.29519,-0.26578,1.6883
3.839,-3.6757,2.3033,-0.19855,5.9696,2.3748,18.09,2.2366,-0.67175,-0.062584,0.12074,1.9933,1.2546,-0.59312,-0.19522,-1.4225,2.2189,12.424,-28.307,-0.64437,0.286,-0.26951,1.7086
3.859,-3.411,1.8199,0.54621,5.9636,2.3748,17.39,0.52467,-0.76564,-0.020625,0.13108,2.0074,1.9658,-0.87099,0.49521,-0.90951,2.2189,11.289,-29.733,-0.608,0.26711,-0.25344,1.7234
3.891,-2.948,1.13,1.1951,5.9575,2.3748,16.69,5.3941,-0.85826,0.010478,0.15719,2.0331,2.2195,-1.0144,0.96322,-0.3965,2.2189,10.155,-27.495,-0.56156,0.24392,-0.22596,1.7451
3.911,-2.359,0.35871,1.6514,5.5646,1.7776,14.49,13.77,-0.935,0.023991,0.19329,2.0509,2.0349,-1.0369,1.1625,-0.31301,2.2189,9.5987,-19.479,-0.51601,0.21984,-0.19224,1.7576
3.938,-1.7338,-0.35557,1.8528,5.1718,1.1804,12.291,23.02,-0.98966,0.016859,0.23663,2.0769,1.5099,-0.97188,1.1038,-0.22952,2.2189,9.0428,-3.4496,-0.47888,0.19652,-0.1564,1.773
3.958,-1.1576,-0.89395,1.7798,4.8469,0.7049,10.188,31.203,-1.0319,-0.0071101,0.28491,2.0973,0.79523,-0.86045,0.84754,-0.22952,2.1784,7.843,22.8,-0.45566,0.17489,-0.12355,1.7836
3.991,-0.6875,-1.1839,1.4556,4.5221,0.22936,8.086,37.183,-1.0682,-0.041358,0.33125,2.1327,0.059496,-0.74036,0.4867,-0.22952,2.138,6.6431,61.126,-0.44861,0.15477,-0.097749,1.8
4.012,-0.3416,-1.2128,0.94116,4.0584,0.022261,5.9668,40.594,-1.0932,-0.07968,0.36622,2.1561,-0.54441,-0.63765,0.12232,-0.055701,1.8122,5.8269,112.65,-0.45722,0.13619,-0.08073,1.8103
4.043,-0.096982,-1.0251,0.32072,3.5946,-0.18484,3.8476,41.659,-1.1059,-0.11582,0.38523,2.1915,-0.91041,-0.56358,-0.16122,0.11811,1.4865,5.0106,177.11,-0.47788,0.12072,-0.072401,1.8256
4.064,0.10001,-0.70415,-0.31399,3.1517,-0.18484,1.7551,40.981,-1.1151,-0.14462,0.38945,2.2159,-0.99515,-0.51745,-0.31172,0.1334,1.3987,3.8691,252.32,-0.50328,0.10897,-0.070251,1.8365
4.09,0.31201,-0.34554,-0.87895,2.7087,-0.18484,-0.33745,39.31,-1.1225,-0.16418,0.3795,2.2463,-0.82041,-0.49095,-0.31914,0.14869,1.311,2.7275,333.75,-0.52586,0.098285,-0.069909,1.8504
4.111,0.59133,-0.030662,-1.3099,0.70363,-0.18484,-2.3398,37.336,-1.1199,-0.1755,0.35457,2.2709,-0.46029,-0.47489,-0.21177,0.68265,1.2869,2.1499,414.76,-0.54158,0.086171,-0.068167,1.862
4.144,0.96218,0.19271,-1.5696,-1.3015,-0.18484,-4.3421,35.569,-1.1059,-0.18086,0.31908,2.309,-0.017617,-0.46128,-0.043459,1.2166,1.2627,1.5722,487.48,-0.54852,0.074006,-0.064069,1.8803
4.164,1.4151,0.3172,-1.6522,-1.834,-0.13192,-6.417,34.285,-1.0875,-0.1828,0.28239,2.3317,0.3959,-0.44993,0.12185,1.2166,1.1646,0.42967,544.4,-0.54521,0.063951,-0.05692,1.8915
4.191,1.9113,0.36956,-1.5789,-2.3666,-0.079007,-8.4918,33.526,-1.0616,-0.1827,0.24911,2.3614,0.68393,-0.44533,0.22979,1.2166,1.0664,-0.71284,580.17,-0.53247,0.054683,-0.046163,1.9063
4.211,2.3966,0.39495,-1.3911,-2.3666,-0.079007,-10.195,33.168,-1.0165,-0.18049,0.21689,2.3827,0.78898,-0.4523,0.24847,1.2166,0.6608,-1.2356,592.93,-0.51379,0.043938,-0.033459,1.917
4.243,2.8181,0.43797,-1.1406,-2.3666,-0.079007,-11.899,33.009,-0.95479,-0.17675,0.18602,2.4148,0.6961,-0.47505,0.17576,1.2166,0.25517,-1.7583,584.79,-0.49348,0.032474,-0.021996,1.9332
4.264,3.1372,0.52687,-0.87652,-2.3989,-0.079007,-12.703,32.833,-0.89213,-0.17278,0.16256,2.4346,0.43296,-0.51077,0.03687,1.2166,0.040219,-2.6435,561.25,-0.47679,0.021712,-0.013669,1.9436
4.29,3.3375,0.66569,-0.6357,-2.4312,-0.079007,-13.508,32.481,-0.82965,-0.16694,0.14884,2.4573,0.060298,-0.55117,-0.12403,1.2166,-0.17473,-3.5288,529.73,-0.46919,0.010387,-0.0089665,1.956
4.311,3.4256,0.83606,-0.43792,-2.4211,-0.079007,-14.293,31.906,-0.75485,-0.15528,0.13964,2.4743,-0.3459,-0.58265,-0.25618,1.2166,-0.17473,-4.3633,497.85,-0.47197,-0.0030407,-0.0083911,1.9661
4.343,3.4245,1.0064,-0.28508,-2.4111,-0.079007,-15.078,31.184,-0.67052,-0.13774,0.13155,2.4976,-0.71116,-0.59137,-0.31584,1.2166,-0.17473,-5.1979,471.95,-0.48221,-0.017365,-0.011268,1.9814
4.364,3.3641,1.1439,-0.1653,-2.3888,-0.034876,-15.221,30.483,-0.59475,-0.11857,0.12743,2.5113,-0.97801,-0.56888,-0.27622,1.2338,-0.30774,-5.7638,456.1,-0.49819,-0.030639,-0.014489,1.9918
4.391,3.2744,1.226,-0.062073,-2.3666,0.0092552,-15.365,30.059,-0.52964,-0.098898,0.12852,2.5268,-1.119,-0.51526,-0.13561,1.251,-0.44074,-6.3298,451.72,-0.51959,-0.042495,-0.014764,2.0056
4.411,3.1808,1.2462,0.03563,-2.2462,0.022581,-15.365,30.182,-0.45958,-0.075822,0.13112,2.5371,-1.1351,-0.44408,0.084626,1.251,-0.50361,-7.1937,457.52,-0.54308,-0.053056,-0.010821,2.0164
4.443,3.104,1.2134,0.12334,-2.1258,0.035907,-15.365,31.098,-0.38321,-0.050282,0.13401,2.5511,-1.0481,-0.38274,0.34369,1.251,-0.56648,-8.0576,469.79,-0.56462,-0.062178,-0.0021738,2.0341
4.464,3.0609,1.1463,0.18187,-1.8653,0.035907,-15.221,32.977,-0.31573,-0.027908,0.13996,2.5589,-0.89206,-0.36245,0.58773,1.251,-0.66524,-8.3346,482.95,-0.58349,-0.070362,0.011867,2.0463
4.49,3.0641,1.0658,0.1812,-1.6048,0.035907,-15.078,35.89,-0.2569,-0.010018,0.14776,2.5671,-0.69625,-0.40988,0.76151,1.251,-0.76401,-8.6116,490.5,-0.59795,-0.078693,0.030671,2.0618
4.511,3.1227,0.98667,0.086838,-1.5822,0.035907,-14.696,39.8,-0.18894,0.0079061,0.15206,2.5726,-0.47221,-0.53587,0.81674,0.69984,-0.76875,-9.1899,486.33,-0.60393,-0.088783,0.052082,2.0745
4.543,3.2353,0.91376,-0.12456,-1.5595,0.035907,-14.314,44.583,-0.10953,0.027075,0.1517,2.5793,-0.20853,-0.72473,0.7222,0.14869,-0.77349,-9.7683,466.14,-0.6029,-0.10332,0.073745,2.094
4.565,3.3861,0.84366,-0.45541,-1.5595,0.035907,-13.525,50.095,-0.034407,0.043164,0.14804,2.5828,0.12644,-0.93046,0.47081,-0.41841,-0.78187,-10.347,428.49,-0.59922,-0.12353,0.091908,2.1075
4.591,3.5421,0.76769,-0.88001,-1.5595,0.035907,-12.736,56.261,0.035117,0.054688,0.13582,2.5864,0.57101,-1.0807,0.083182,-0.98551,-0.79026,-10.925,375.24,-0.58605,-0.14645,0.10039,2.1233
4.612,3.6519,0.67889,-1.3457,-1.5595,0.035907,-11.832,63.171,0.11446,0.065161,0.10783,2.5894,1.1521,-1.0908,-0.39332,-1.5543,-0.79026,-11.504,310.95,-0.55146,-0.16896,0.095215,2.1357
4.643,3.6565,0.5741,-1.7822,-1.5595,0.035907,-10.927,71.186,0.20347,0.075559,0.067532,2.5952,1.8671,-0.88568,-0.88993,-2.1231,-0.79026,-12.082,241.8,-0.49949,-0.19145,0.078733,2.1529
4.664,3.5006,0.45852,-2.1165,-1.5414,0.1041,-10.511,80.993,0.28387,0.082498,0.023717,2.6005,2.6738,-0.42413,-1.3267,-3.5125,-0.78187,-13.547,174.02,-0.44051,-0.21014,0.054419,2.1637
4.691,3.1493,0.34374,-2.2892,-1.5233,0.1723,-10.095,93.619,0.35077,0.085002,-0.024863,2.6091,3.4903,0.28125,-1.6259,-4.9019,-0.77349,-15.011,112.79,-0.36207,-0.21113,0.020488,2.1756
4.711,2.6018,0.24288,-2.2679,-1.4301,0.1723,-9.2536,110.36,0.41541,0.086016,-0.084091,2.6169,4.2099,1.1559,-1.7266,-6.4727,-0.3214,-15.858,61.465,-0.2437,-0.18371,-0.024645,2.1828
4.749,1.8984,0.16729,-2.0551,-1.3368,0.1723,-8.4128,132.67,0.475,0.086544,-0.146,2.6343,4.7237,2.0699,-1.5981,-8.0435,0.49068,-17.812,21.585,-0.10078,-0.13506,-0.072997,2.1919
4.769,1.1154,0.12194,-1.6854,-1.3368,0.1723,-7.9585,161.93,0.51018,0.084686,-0.19294,2.6448,4.9503,2.8616,-1.2464,-8.0435,0.49068,-18.439,-6.8608,0.027422,-0.078745,-0.11094,2.1949
4.79,0.35324,0.10454,-1.2186,-1.3368,0.1723,-7.5043,199.26,0.51516,0.080677,-0.22012,2.6563,4.8577,3.371,-0.71571,-8.0435,0.49068,-18.439,-24.926,0.13525,-0.014246,-0.13183,2.1982
4.811,-0.28224,0.10651,-0.72481,-0.56251,0.29257,-7.1236,245.24,0.50422,0.077288,-0.23785,2.6681,4.4758,3.4775,-0.079948,-8.0435,0.49068,-18.439,-34.303,0.25116,0.06626,-0.1385,2.2032
4.843,-0.70267,0.11588,-0.27134,0.21177,0.41284,-6.7428,299.76,0.48743,0.075248,-0.25164,2.6857,3.8927,3.1299,0.57179,-8.0435,0.49068,-18.439,-36.989,0.37877,0.15496,-0.13434,2.2148
4.864,-0.85499,0.12129,0.090223,0.21989,0.41284,-5.5462,361.89,0.4635,0.072941,-0.25609,2.697,3.2307,2.3616,1.1521,-5.6617,0.36871,-18.439,-35.047,0.48679,0.2288,-0.11828,2.225
4.89,-0.73217,0.11504,0.33113,0.22801,0.41284,-4.3496,429.88,0.43636,0.070036,-0.24918,2.7104,2.6131,1.2871,1.5922,-3.2799,-0.11327,-17.957,-30.451,0.56302,0.27201,-0.088928,2.24
4.911,-0.37617,0.095214,0.44679,0.26629,0.58069,-3.4152,501.23,0.41729,0.067526,-0.23777,2.7208,2.1379,0.075426,1.853,-3.2799,-0.63904,-15.558,-24.909,0.63002,0.28533,-0.048827,2.2538
4.942,0.13198,0.065695,0.4528,0.30456,0.74855,-2.4807,572.93,0.41062,0.065072,-0.22704,2.7355,1.8502,-1.0858,1.9277,-3.2799,-1.1648,-13.158,-19.734,0.70074,0.27421,-0.0035733,2.2759
4.963,0.6872,0.033745,0.38041,0.30456,0.88724,-1.6822,641.71,0.41427,0.061569,-0.2163,2.7454,1.7277,-2.0264,1.8405,-3.2799,-1.3891,-10.313,-15.745,0.76406,0.2391,0.041493,2.292
4.996,1.1815,0.0076066,0.2677,0.30456,1.0259,-0.88374,704.4,0.4313,0.057304,-0.2062,2.7609,1.6906,-2.6279,1.6344,-3.2799,-1.6135,-7.468,-13.285,0.81877,0.1797,0.083402,2.3186
5.016,1.5224,-0.0067669,0.15226,0.26629,1.0693,-0.40619,758.27,0.46519,0.05314,-0.20003,2.7708,1.6248,-2.841,1.3594,-5.9302,-2.3512,-4.351,-12.283,0.87887,0.10322,0.12072,2.3357
5.053,1.6474,-0.0055398,0.066275,0.22801,1.1127,0.07136,801.29,0.5071,0.048964,-0.19769,2.7899,1.4151,-2.6859,1.0615,-10.139,-3.4864,1.8735,-12.427,0.94146,0.026096,0.15079,2.3692
5.075,1.5407,0.0077242,0.029309,0.22912,1.2439,0.86768,832.48,0.54205,0.04469,-0.19603,2.8022,0.97689,-2.2389,0.77336,-10.879,-3.4864,4.981,-13.296,0.98709,-0.034473,0.17006,2.3904
5.095,1.2325,0.024355,0.047366,0.23022,1.3752,1.664,851.92,0.56513,0.041106,-0.19425,2.8137,0.28181,-1.6081,0.514,-10.879,-3.4864,4.981,-14.45,1.0113,-0.072733,0.17838,2.4104
5.116,0.79045,0.035181,0.1128,0.23372,1.3752,2.128,860.8,0.58106,0.038413,-0.19295,2.8263,-0.63296,-0.90914,0.28911,-10.879,-3.4864,7.2627,-15.566,1.0225,-0.095082,0.18019,2.4319
5.142,0.30905,0.030896,0.2061,0.23721,1.3752,2.592,861.24,0.59104,0.035727,-0.19009,2.842,-1.6711,-0.24399,0.09854,-10.879,-3.4864,9.5444,-16.445,1.0145,-0.10705,0.17909,2.4584
5.163,-0.1157,0.0080625,0.30256,0.23721,1.4477,3.3924,856.01,0.59092,0.032639,-0.18341,2.8548,-2.7001,0.31184,-0.058341,-10.879,-3.032,11.616,-17.014,0.97334,-0.10625,0.17441,2.4794
5.194,-0.40591,-0.030653,0.37922,0.23721,1.5202,4.1928,848.07,0.58044,0.02941,-0.17437,2.8734,-3.5812,0.71342,-0.17845,-10.06,-2.1803,13.687,-17.301,0.90454,-0.091272,0.16491,2.5086
5.216,-0.51912,-0.07554,0.42019,0.23721,1.5903,4.9933,840.13,0.56575,0.025594,-0.16548,2.8863,-4.2023,0.94477,-0.25222,-9.1544,-2.0131,15.166,-17.357,0.82595,-0.068439,0.15244,2.5277
5.242,-0.45977,-0.11258,0.42262,0.23721,1.6603,5.7937,834.16,0.55257,0.020556,-0.15656,2.9011,-4.5036,1.0138,-0.26675,-8.2484,-1.8459,16.644,-17.289,0.74129,-0.044379,0.13964,2.5481
5.263,-0.27558,-0.12953,0.39701,0.31763,1.5903,6.6501,831.02,0.54239,0.014964,-0.1468,2.9127,-4.4914,0.9471,-0.21047,-8.0255,-1.8459,17.216,-17.192,0.64548,-0.019867,0.12719,2.5627
5.295,-0.044859,-0.12081,0.36314,0.39804,1.5202,7.5065,830.17,0.53576,0.009861,-0.13755,2.9301,-4.2365,0.78505,-0.079665,-7.8025,-1.8459,17.788,-17.135,0.5469,0.0044704,0.11574,2.5818
5.315,0.14394,-0.092207,0.34344,0.75488,1.5903,7.9029,829.75,0.53432,0.0052882,-0.13015,2.9408,-3.8582,0.57778,0.11606,-7.8025,-1.5964,17.788,-17.131,0.46191,0.024125,0.10756,2.5919
5.342,0.21777,-0.061066,0.3513,1.1117,1.6603,8.2993,826.72,0.53768,0.0013312,-0.12337,2.9552,-3.4979,0.37952,0.35064,-7.8025,-1.3469,17.788,-17.153,0.39311,0.036498,0.10496,2.6035
5.362,0.1359,-0.052459,0.38593,1.1545,1.6603,9.0948,817.38,0.54142,-0.0014519,-0.1154,2.9659,-3.2875,0.24102,0.58284,-7.4336,-1.2401,17.788,-17.178,0.32832,0.044578,0.10849,2.6109
5.395,-0.10113,-0.090722,0.42861,1.1972,1.6603,9.8902,797.92,0.54028,-0.0041183,-0.10605,2.9835,-3.3179,0.20027,0.75956,-7.0646,-1.1333,17.788,-17.082,0.25654,0.052399,0.11727,2.6209
5.416,-0.45483,-0.18718,0.44451,1.1973,1.636,10.777,765.18,0.53164,-0.0091994,-0.096243,2.9945,-3.6206,0.27333,0.82801,-7.0646,-1.1333,17.788,-16.742,0.17594,0.061462,0.129,2.6259
5.447,-0.86468,-0.33084,0.39206,1.1975,1.6118,11.663,717.22,0.51475,-0.017347,-0.087153,3.0103,-4.1581,0.44833,0.74611,-7.0646,-1.1333,17.788,-16.055,0.090056,0.072492,0.14004,2.6318
5.469,-1.271,-0.48428,0.23713,1.5548,1.6118,12.862,653.84,0.48901,-0.027326,-0.080933,3.021,-4.8314,0.68505,0.49366,-6.7045,-0.78613,17.553,-14.991,-0.00081037,0.08712,0.14618,2.6351
5.495,-1.6347,-0.58776,-0.034059,1.9122,1.6118,14.061,576.76,0.45413,-0.039459,-0.080679,3.0329,-5.498,0.92483,0.082546,-6.3444,-0.43891,17.318,-13.621,-0.10565,0.10751,0.14329,2.6395
5.516,-1.9462,-0.5728,-0.40802,2.3082,1.7746,15.261,489.52,0.40993,-0.05424,-0.089183,3.0418,-6.0015,1.1007,-0.44188,-6.0014,-0.10894,16.414,-12.192,-0.23482,0.13487,0.12767,2.6445
5.549,-2.2256,-0.38248,-0.84255,2.7043,1.9373,16.461,397.07,0.35593,-0.067306,-0.10806,3.0544,-6.2073,1.1544,-1.0038,-5.6583,0.22103,15.51,-11.116,-0.38192,0.16663,0.097945,2.6563
5.57,-2.5073,0.007626,-1.2743,4.8471,2.1269,17.671,305.1,0.29454,-0.071362,-0.13712,3.0616,-6.022,1.0542,-1.509,-5.3311,0.53486,14.607,-10.921,-0.52324,0.19634,0.056314,2.6667
5.597,-2.8195,0.5737,-1.6335,6.9898,2.3164,18.881,219.27,0.23175,-0.063121,-0.17398,3.0699,-5.416,0.80043,-1.8618,-5.0039,0.8487,13.704,-12.086,-0.64066,0.21902,0.0066563,2.6832
5.617,-3.1661,1.24,-1.859,6.9898,2.6857,19.491,144.45,0.16819,-0.04242,-0.21588,3.0757,-4.4302,0.42776,-1.9855,-3.5243,1.2929,12.785,-14.883,-0.73409,0.23421,-0.047734,2.6976
5.644,-3.5177,1.8901,-1.9133,6.9898,3.0549,20.101,84.124,0.093718,-0.0059347,-0.26187,3.0834,-3.1679,-0.0056281,-1.839,-2.0447,1.7371,11.866,-19.122,-0.80667,0.2411,-0.10304,2.7194
5.664,-3.8149,2.3912,-1.7904,6.9898,3.0549,20.101,39.976,0.00065401,0.049654,-0.31096,3.0897,-1.7781,-0.43239,-1.428,0.025951,1.9842,10.978,-23.998,-0.85223,0.2364,-0.15364,2.7369
5.697,-3.9848,2.6266,-1.5153,6.9898,3.0549,20.101,11.851,-0.10157,0.11791,-0.35796,3.1017,-0.42811,-0.7929,-0.80568,2.0966,2.2313,10.09,-27.995,-0.86466,0.22059,-0.19373,2.7665
5.718,-3.968,2.5265,-1.1362,4.108,3.0549,20.101,-2.0316,-0.19692,0.18438,-0.39526,3.1115,0.72169,-1.0478,-0.062476,2.9587,2.4514,9.8407,-28.924,-0.84728,0.19949,-0.21834,2.7856
5.744,-3.7407,2.0887,-0.71152,1.2262,3.0549,20.101,-4.6339,-0.28292,0.2392,-0.4197,3.1255,1.5443,-1.1846,0.69127,3.8208,2.6715,9.591,-24.089,-0.80659,0.17578,-0.22314,2.8083
5.765,-3.3268,1.3824,-0.29651,-0.48078,1.6421,18.268,0.4863,-0.36641,0.2811,-0.43399,3.1386,1.9649,-1.216,1.3471,4.2945,2.7266,8.3694,-10.448,-0.74764,0.14724,-0.20729,2.8258
5.797,-2.7952,0.53393,0.065783,-2.1878,0.2292,16.436,9.7627,-0.44433,0.30898,-0.441,3.1604,1.971,-1.1722,1.8192,4.7682,2.7817,7.1478,15.174,-0.68023,0.11585,-0.17719,2.8498
5.818,-2.2413,-0.30383,0.3498,-2.2172,0.06039,13.911,20.103,-0.50525,0.31781,-0.44083,3.1761,1.6139,-1.0902,2.0587,4.7682,2.7817,6.5591,55.842,-0.61937,0.088557,-0.14238,2.8643
5.844,-1.7588,-0.98682,0.54633,-2.2467,-0.10842,11.386,29.261,-0.5475,0.30521,-0.43388,3.1962,0.99763,-1.0026,2.0587,4.7682,2.7817,5.9703,113.99,-0.57501,0.066354,-0.10729,2.8805
5.865,-1.4103,-1.4128,0.6584,-3.8792,-0.32326,8.8343,35.938,-0.58077,0.27667,-0.42259,3.213,0.26267,-0.9314,1.8526,4.7682,2.7817,4.8184,190.67,-0.5475,0.043537,-0.071837,2.8928
5.897,-1.2108,-1.5437,0.68978,-5.5117,-0.53809,6.283,39.748,-0.61119,0.24205,-0.40951,3.2382,-0.44082,-0.88384,1.5012,4.7682,2.7817,3.6665,284.52,-0.53441,0.019324,-0.039766,2.9104
5.917,-1.1224,-1.4085,0.64271,-5.5117,-0.53809,3.6575,41.002,-0.63698,0.20971,-0.3969,3.2546,-0.98066,-0.85889,1.0777,4.152,2.0606,2.6061,390.98,-0.5351,-0.0013911,-0.018875,2.9215
5.944,-1.0653,-1.0885,0.51827,-5.5117,-0.53809,1.0319,40.434,-0.6572,0.18422,-0.38754,3.2764,-1.2671,-0.84984,0.65418,3.5359,1.3394,1.5457,502.11,-0.54754,-0.019235,-0.011906,2.9364
5.964,-0.94516,-0.69125,0.31695,-5.5117,-0.53809,-1.4792,38.908,-0.67479,0.1669,-0.38285,3.2931,-1.2735,-0.85029,0.28419,3.5243,1.2187,0.40755,607.54,-0.5658,-0.039991,-0.01418,2.9479
5.997,-0.6795,-0.32023,0.048699,-5.5117,-0.53809,-3.9902,37.19,-0.69055,0.15752,-0.38249,3.3201,-1.04,-0.85795,-0.0010062,3.5127,1.098,-0.73062,696.57,-0.58234,-0.063334,-0.021796,2.9671
6.018,-0.22369,-0.04907,-0.26342,-6.3261,-0.46432,-6.346,35.779,-0.69906,0.15579,-0.38787,3.338,-0.66029,-0.87108,-0.19108,3.5127,0.97778,-1.8695,760.74,-0.59122,-0.084131,-0.035327,2.9799
6.044,0.41684,0.092391,-0.58091,-7.1406,-0.39055,-8.7018,34.869,-0.69096,0.16043,-0.40255,3.36,-0.25645,-0.88913,-0.29174,3.5127,0.85752,-3.0084,796.05,-0.5898,-0.10337,-0.054222,2.9958
6.066,1.1881,0.11775,-0.85462,-7.8314,0.13452,-10.342,34.382,-0.66051,0.16805,-0.42673,3.3787,0.052213,-0.90662,-0.3156,3.5127,0.7374,-4.1471,803.96,-0.57944,-0.12604,-0.074474,3.0093
6.098,2.0015,0.07134,-1.0347,-7.8314,0.54419,-11.983,34.069,-0.61141,0.17504,-0.45575,3.4048,0.18306,-0.91431,-0.2737,3.5127,0.61729,-5.2858,790.72,-0.56436,-0.15067,-0.093636,3.0286
6.118,2.7553,0.0082663,-1.0845,-7.8314,0.54419,-11.983,33.601,-0.55,0.18048,-0.4856,3.4211,0.11294,-0.90102,-0.17049,3.8337,0.22821,-6.1178,765.36,-0.54955,-0.1722,-0.11185,3.0408
6.145,3.3557,-0.025435,-0.9939,-7.8314,0.54419,-13.167,32.743,-0.47362,0.18541,-0.51493,3.4419,-0.1172,-0.8593,-0.0043863,4.1546,-0.16087,-6.9498,737.31,-0.5391,-0.1915,-0.1271,3.057
6.165,3.7394,-0.0069721,-0.78517,-7.8314,0.54419,-14.351,31.407,-0.37658,0.19049,-0.54154,3.4569,-0.41497,-0.79226,0.22745,4.1674,-0.28887,-8.0902,714.11,-0.53549,-0.21221,-0.1356,3.0693
6.198,3.8789,0.058654,-0.50914,-7.5651,0.54419,-14.852,29.735,-0.26775,0.19632,-0.56258,3.4796,-0.66638,-0.71693,0.5203,4.1801,-0.41687,-9.2306,700.05,-0.53897,-0.23251,-0.13723,3.0893
6.218,3.7863,0.14385,-0.2317,-6.6079,0.4288,-15.352,28.05,-0.16575,0.2041,-0.57755,3.4933,-0.76897,-0.66392,0.85412,4.5354,-0.66161,-10.066,695.54,-0.54706,-0.24909,-0.13396,3.102
6.245,3.5098,0.2104,-0.01348,-5.7807,0.28143,-15.352,26.868,-0.075243,0.21414,-0.58658,3.5109,-0.66761,-0.66606,1.1892,4.8907,-0.90634,-10.902,697.18,-0.55485,-0.26427,-0.12349,3.1191
6.265,3.1208,0.22414,0.11279,-4.9535,0.13407,-15.352,26.761,0.013523,0.22524,-0.58937,3.5241,-0.36592,-0.74836,1.4696,4.8907,-1.0729,-11.76,698.52,-0.55724,-0.28239,-0.10189,3.1321
6.298,2.7023,0.16684,0.15654,-4.3675,-0.45191,-15.352,28.308,0.10056,0.2361,-0.58931,3.5453,0.075924,-0.91279,1.631,4.8907,-1.2395,-12.617,691.45,-0.55176,-0.30426,-0.07231,3.1533
6.319,2.3342,0.04215,0.17511,-3.7815,-1.0379,-15.352,31.977,0.17363,0.24546,-0.59142,3.5594,0.55702,-1.1249,1.6194,4.8907,-1.5061,-13.449,668.22,-0.53777,-0.32929,-0.043765,3.167
6.345,2.0805,-0.12574,0.25771,-3.7672,-1.2074,-14.572,38.053,0.23178,0.2511,-0.59304,3.577,0.9704,-1.3135,1.4075,4.8907,-1.7728,-14.281,623.63,-0.51333,-0.35817,-0.02132,3.1837
6.366,1.9764,-0.30068,0.49999,-3.7528,-1.377,-13.792,46.611,0.28897,0.25151,-0.58614,3.5916,1.2357,-1.3827,1.0069,4.6951,-1.8544,-15.654,556.68,-0.47761,-0.39055,-0.0048019,3.1971
6.398,2.0149,-0.44298,0.9748,-3.3371,-1.5216,-13.405,57.508,0.3513,0.24826,-0.56969,3.6141,1.3233,-1.2345,0.47499,4.4996,-1.936,-17.026,471.15,-0.43661,-0.42354,0.0036227,3.217
6.418,2.1511,-0.52402,1.6993,-2.9213,-1.6662,-13.017,70.438,0.412,0.24386,-0.54548,3.6285,1.261,-0.79758,-0.093286,3.7318,-2.1022,-17.912,374.62,-0.39941,-0.45093,-0.0014072,3.2295
6.445,2.3056,-0.53405,2.6217,-2.4799,-1.6692,-12.231,85.024,0.47054,0.23868,-0.50258,3.6478,1.1241,-0.055092,-0.58192,2.9641,-2.2685,-18.798,276.44,-0.36725,-0.46192,-0.021137,3.2459
6.465,2.3772,-0.48177,3.6245,-2.0386,-1.6722,-11.445,100.97,0.53569,0.23276,-0.4261,3.662,1.0102,0.93729,-0.8798,2.3304,-2.2685,-20.001,185.36,-0.33469,-0.44688,-0.050676,3.2578
6.498,2.2699,-0.39423,4.5448,-1.6537,-1.7176,-10.924,118.17,0.60681,0.22823,-0.32165,3.6851,1.0097,2.0505,-0.90681,1.6968,-2.2685,-21.204,107.79,-0.30145,-0.40669,-0.083874,3.2758
6.518,1.9148,-0.30756,5.2123,-1.2688,-1.763,-10.404,136.86,0.66985,0.22689,-0.20908,3.6991,1.1806,3.1024,-0.63417,0.42022,-2.1022,-21.841,47.07,-0.27099,-0.34788,-0.11448,3.2859
6.545,1.297,-0.25883,5.4901,-0.84573,-1.763,-9.6119,157.64,0.71439,0.22746,-0.092974,3.7182,1.539,3.8962,-0.095134,-0.85636,-1.936,-22.478,3.7853,-0.23699,-0.26919,-0.13387,3.2976
6.565,0.46801,-0.2762,5.3075,-0.42264,-1.763,-8.8202,181.48,0.74096,0.22767,0.03475,3.7325,2.0432,4.256,0.62637,-0.85636,-1.936,-22.478,-23.463,-0.18687,-0.1675,-0.13469,3.3048
6.598,-0.46114,-0.37176,4.6769,-0.41744,-1.763,-8.0236,209.61,0.75105,0.22659,0.16371,3.7571,2.6094,4.0701,1.4125,-0.85636,-1.936,-22.478,-37.154,-0.12037,-0.057076,-0.11696,3.3128
6.619,-1.3398,-0.54008,3.6912,-0.41224,-1.763,-7.227,243.34,0.74176,0.22318,0.2657,3.7729,3.1406,3.3279,2.1368,-0.85636,-1.7377,-22.478,-40.326,-0.048294,0.035068,-0.085244,3.316
6.644,-2.0108,-0.75922,2.503,-0.41744,-1.763,-6.719,283.76,0.71181,0.21537,0.32886,3.7918,3.5414,2.1222,2.6925,-0.85636,-1.5393,-22.478,-36.176,0.028119,0.094485,-0.040356,3.3181
6.665,-2.3503,-0.9973,1.2903,-0.42264,-1.763,-6.211,331.51,0.66623,0.20134,0.36506,3.8074,3.744,0.63706,3.0104,-0.85636,-1.5393,-19.846,-27.958,0.11793,0.12325,0.019951,3.3202
6.698,-2.3005,-1.2196,0.21964,-0.42264,-1.703,-5.0224,386.48,0.61479,0.1802,0.38235,3.8312,3.7184,-0.88785,3.0688,-0.85636,-1.5393,-17.213,-18.564,0.21927,0.12067,0.091775,3.3267
6.718,-1.8866,-1.3966,-0.58426,-0.42264,-1.6431,-3.8337,447.74,0.56885,0.15254,0.37585,3.8444,3.4717,-2.2059,2.8894,-0.85636,-1.6761,-13.754,-10.316,0.31602,0.080902,0.16306,3.3323
6.75,-1.2125,-1.5102,-1.0549,-0.86107,-1.211,-2.5004,513.38,0.53792,0.12215,0.34788,3.8646,3.0409,-3.1135,2.5261,-0.85636,-1.813,-10.296,-4.6674,0.39728,0.010464,0.22312,3.3446
6.77,-0.43646,-1.556,-1.1882,-1.2995,-0.77898,-1.167,580.73,0.52648,0.093525,0.31394,3.8762,2.4722,-3.4906,2.0493,-1.8283,-1.813,-6.8514,-2.1547,0.46342,-0.071146,0.26953,3.354
6.797,0.26759,-1.5433,-1.0296,-2.9899,-0.65033,-0.31371,646.56,0.53384,0.066074,0.28499,3.8916,1.8048,-3.3225,1.5321,-2.8002,-1.813,-3.4071,-2.4921,0.51365,-0.14999,0.30416,3.369
6.817,0.74858,-1.4872,-0.65761,-4.6803,-0.52167,0.5396,707.48,0.55581,0.03608,0.26129,3.9028,1.0593,-2.6974,1.0398,-3.9864,-1.7737,0.5609,-4.8746,0.54429,-0.22233,0.32772,3.3814
6.849,0.92081,-1.4139,-0.16658,-4.6836,-0.34956,1.332,760.4,0.58592,0.00511,0.24406,3.9216,0.23251,-1.7821,0.6245,-5.1726,-1.7345,4.5289,-8.2942,0.55687,-0.28224,0.34095,3.4029
6.87,0.77788,-1.3523,0.35182,-4.687,-0.17745,2.1245,803.02,0.61632,-0.021313,0.23915,3.9343,-0.69008,-0.77973,0.32326,-5.1726,-1.7345,7.4337,-11.865,0.55247,-0.31903,0.34647,3.4175
6.896,0.3901,-1.3211,0.8125,-4.687,0.020336,2.6943,834.19,0.63954,-0.044107,0.24868,3.9508,-1.7164,0.11782,0.15532,-5.1726,-1.7345,10.338,-14.933,0.52208,-0.32803,0.3465,3.4356
6.918,-0.11872,-1.3304,1.1458,-4.687,0.21813,3.2642,854.07,0.65068,-0.069822,0.26886,3.9652,-2.8237,0.77312,0.11982,-5.1726,-1.016,12.605,-17.188,0.45718,-0.31549,0.34273,3.4502
6.949,-0.61298,-1.3753,1.3057,-4.687,0.21813,4.0546,864.16,0.64963,-0.09886,0.2947,3.9862,-3.9398,1.1311,0.19106,-5.1726,-0.29752,14.871,-18.568,0.36386,-0.29249,0.33923,3.4687
6.97,-0.98201,-1.4386,1.2728,-4.687,0.21813,4.8451,867,0.64021,-0.12579,0.32134,4.0005,-4.937,1.2251,0.31641,-5.0644,0.076874,15.754,-19.237,0.25318,-0.26713,0.34019,3.4798
6.997,-1.1713,-1.493,1.0602,-4.3056,0.28659,5.6425,865.72,0.62519,-0.15133,0.34396,4.0192,-5.6454,1.1602,0.42001,-4.9562,0.45127,16.637,-19.4,0.12521,-0.24121,0.34424,3.4921
7.017,-1.1925,-1.5107,0.7165,-3.9242,0.35505,6.44,863.39,0.60471,-0.18148,0.35993,4.0329,-5.8871,1.078,0.41147,-4.826,0.72584,17.179,-19.23,-0.022873,-0.21349,0.34706,3.5004
7.05,-1.1114,-1.4755,0.32074,-3.8581,0.28659,7.6384,862.41,0.58221,-0.21457,0.36851,4.0557,-5.5207,1.1135,0.20545,-4.6959,1.0004,17.722,-18.832,-0.1779,-0.18552,0.34806,3.514
7.07,-1.0195,-1.3913,-0.029981,-3.792,0.21813,8.8367,863.88,0.56465,-0.24264,0.36863,4.0693,-4.4886,1.3545,-0.25505,-4.5773,1.3471,17.722,-18.164,-0.31249,-0.15841,0.3455,3.5233
7.097,-0.99823,-1.2879,-0.24149,-3.792,0.21813,9.2908,867.35,0.55178,-0.26524,0.36095,4.0877,-2.8504,1.8148,-0.97656,-4.4587,1.6938,17.722,-17.093,-0.40429,-0.12408,0.32796,3.537
7.117,-1.0867,-1.2156,-0.24769,-3.792,0.21813,9.7448,870.67,0.53445,-0.28928,0.35035,4.1011,-0.78919,2.4288,-1.9019,-4.3481,1.9583,17.722,-15.424,-0.44732,-0.070599,0.28324,3.5478
7.15,-1.2678,-1.2325,-0.031603,-3.792,0.12082,10.532,870.35,0.50954,-0.31586,0.34269,4.1231,1.412,3.0687,-2.9115,-4.2375,2.2228,17.722,-12.984,-0.44612,0.0016087,0.21388,3.5647
7.171,-1.4738,-1.3822,0.36319,-3.792,0.023507,11.32,862.11,0.48403,-0.341,0.34173,4.1369,3.4256,3.5789,-3.8407,-3.9209,2.262,16.812,-9.7075,-0.40314,0.081262,0.13014,3.5745
7.197,-1.6142,-1.6714,0.83716,-3.792,0.023507,12.605,841.64,0.45896,-0.3685,0.35116,4.154,4.9472,3.8192,-4.5146,-3.6044,2.3012,15.902,-5.6414,-0.31525,0.16436,0.031404,3.5846
7.218,-1.6107,-2.0513,1.2604,-3.792,0.023507,13.89,805.49,0.42678,-0.40848,0.37402,4.1679,5.7633,3.7013,-4.7843,-3.5299,2.8649,15.312,-0.97484,-0.18649,0.25495,-0.088013,3.5915
7.251,-1.4364,-2.4168,1.502,-3.792,-0.046247,14.676,751.78,0.39072,-0.4621,0.40712,4.1907,5.7996,3.2151,-4.5649,-3.4554,3.4286,14.722,4.0199,-0.041143,0.34629,-0.21633,3.6029
7.272,-1.1363,-2.6224,1.4687,-3.792,-0.116,15.462,680.73,0.36565,-0.51905,0.44087,4.206,5.1328,2.428,-3.8616,-1.3677,3.9652,13.813,9.0458,0.08734,0.41886,-0.32678,3.6125
7.298,-0.82308,-2.5155,1.1358,-3.1207,-0.116,16.678,594.8,0.35344,-0.5709,0.4669,4.226,3.9701,1.4679,-2.7695,0.71991,4.5018,12.905,13.903,0.18229,0.46118,-0.40402,3.6271
7.319,-0.6521,-1.982,0.55507,-2.4494,-0.116,17.895,498.47,0.34096,-0.6159,0.48194,4.2431,2.5919,0.49103,-1.4616,2.9385,4.5129,11.857,18.593,0.24813,0.47873,-0.45202,3.6407
7.351,-0.77565,-0.98963,-0.15225,-1.2667,-0.116,19.119,397.69,0.32475,-0.64875,0.48416,4.27,1.2824,-0.35898,-0.15134,5.1571,4.524,10.81,23.474,0.28963,0.47966,-0.4756,3.663
7.371,-1.2951,0.38375,-0.82766,-0.084004,-0.116,20.342,298.98,0.30885,-0.65524,0.47121,4.287,0.26953,-0.97921,0.9523,5.1571,4.524,10.016,29.349,0.30302,0.46511,-0.47148,3.6771
7.398,-2.2229,1.9491,-1.3168,2.9232,0.48127,20.81,208.61,0.278,-0.62135,0.4432,4.3089,-0.3199,-1.3288,1.6871,5.1571,4.524,9.2226,37.543,0.29059,0.43579,-0.44017,3.6954
7.418,-3.4675,3.4358,-1.5095,5.9305,1.0785,21.277,131.65,0.20725,-0.54426,0.40483,4.3238,-0.47515,-1.4274,1.9702,5.1571,4.524,8.6843,49.831,0.26751,0.39796,-0.39296,3.708
7.451,-4.8488,4.5476,-1.3685,6.9744,2.6159,21.277,71.451,0.09845,-0.43442,0.36446,4.3445,-0.28351,-1.3406,1.8104,5.1571,4.524,8.1459,68.379,0.24764,0.35985,-0.34392,3.7268
7.472,-6.138,5.032,-0.93661,8.0182,4.1533,21.277,29.235,-0.027909,-0.31063,0.3319,4.355,0.10918,-1.1555,1.3012,4.7746,4.0971,7.3174,95.576,0.23426,0.32675,-0.30343,3.7374
7.498,-7.1124,4.7449,-0.32374,8.0182,4.1533,21.277,4.2078,-0.17289,-0.19147,0.31467,4.3659,0.54446,-0.95441,0.59623,4.392,3.6703,6.4889,133.76,0.22832,0.29959,-0.27891,3.7495
7.519,-7.6075,3.6918,0.32317,8.0182,4.1533,21.277,-6.1294,-0.35141,-0.088501,0.31436,4.375,0.89148,-0.7962,-0.12824,4.0257,3.2588,5.6601,184.9,0.23328,0.27595,-0.2733,3.7588
7.551,-7.5554,2.0339,0.85914,8.0182,4.1533,19.761,-5.3721,-0.54893,-0.010119,0.32748,4.3927,1.0697,-0.70696,-0.71211,3.6594,2.8474,4.8314,250.06,0.24732,0.25381,-0.2827,3.7727
7.572,-6.9951,0.06511,1.1751,8.0182,4.1533,18.246,2.405,-0.72772,0.028925,0.34939,4.4081,1.0563,-0.68339,-1.0442,3.0341,2.1293,3.765,328.7,0.26136,0.23362,-0.30029,3.7819
7.599,-6.0538,-1.8757,1.2209,6.6494,3.4506,15.777,13.391,-0.87396,0.012627,0.37555,4.4318,0.87396,-0.70193,-1.0831,2.4089,1.4111,2.6987,418.05,0.26917,0.21498,-0.32128,3.7939
7.619,-4.9086,-3.4764,1.0092,5.2805,2.7478,13.309,24.473,-1.0015,-0.057081,0.40064,4.4522,0.57353,-0.734,-0.8575,2.4089,1.3014,1.5589,512.61,0.27168,0.19491,-0.34148,3.803
7.652,-3.7362,-4.5027,0.60317,4.9045,2.2655,10.799,33.555,-1.1132,-0.15722,0.41948,4.4895,0.21503,-0.75502,-0.45332,2.4089,1.1916,0.41917,604.43,0.26919,0.17263,-0.35495,3.8183
7.672,-2.6734,-4.8539,0.095306,4.5286,1.7832,8.289,39.612,-1.1945,-0.26526,0.42811,4.5147,-0.14479,-0.75353,0.011505,2.4089,1.0246,-0.096713,684.03,0.2575,0.15116,-0.35694,3.8273
7.699,-1.786,-4.5631,-0.4226,4.4669,1.0608,5.3212,42.556,-1.2422,-0.37247,0.42331,4.5504,-0.45746,-0.72868,0.42042,2.4089,0.85752,-0.61259,742.28,0.23475,0.13167,-0.34698,3.8391
7.72,-1.0686,-3.7715,-0.8812,4.4053,0.33851,2.3534,42.954,-1.2704,-0.47231,0.40433,4.5797,-0.68554,-0.68932,0.68236,2.3956,0.39917,-1.8105,772.52,0.20511,0.11192,-0.32801,3.8476
7.751,-0.46088,-2.6816,-1.2414,4.4045,0.3223,-0.51642,41.701,-1.2887,-0.552,0.37554,4.6239,-0.80118,-0.64859,0.75241,2.3824,-0.059174,-3.0084,772.37,0.17279,0.091793,-0.3045,3.8591
7.772,0.11998,-1.5068,-1.4959,4.4037,0.30608,-3.3862,39.709,-1.2943,-0.60249,0.34259,4.6547,-0.78303,-0.61354,0.64012,2.3824,-0.2305,-3.5177,744.6,0.13882,0.073818,-0.28159,3.866
7.798,0.74477,-0.43247,-1.6591,3.1409,0.21507,-6.2614,37.685,-1.2814,-0.62452,0.30559,4.6926,-0.62043,-0.58567,0.40057,2.3824,-0.40182,-4.027,696.46,0.10603,0.05774,-0.26342,3.8737
7.82,1.4477,0.40341,-1.7523,1.8782,0.12407,-9.1366,36.001,-1.248,-0.62194,0.26157,4.7244,-0.31775,-0.55873,0.11787,2.3824,-0.44863,-4.6019,638.02,0.080324,0.040996,-0.25129,3.8797
7.852,2.2096,0.91285,-1.7911,1.4192,0.10768,-11.226,34.735,-1.1972,-0.60145,0.21339,4.7686,0.10288,-0.52383,-0.1184,2.3824,-0.49543,-5.1768,579.83,0.064058,0.023995,-0.24443,3.8878
7.873,2.9659,1.0509,-1.7778,0.96022,0.091301,-13.316,33.743,-1.134,-0.57611,0.16849,4.7966,0.5993,-0.4733,-0.23553,2.0909,-0.84774,-5.9986,530.91,0.055916,0.0091935,-0.24125,3.893
7.9,3.6264,0.81017,-1.7032,0.65319,0.072328,-14.622,32.826,-1.0566,-0.55637,0.12869,4.8301,1.1233,-0.40164,-0.19842,1.7995,-1.2,-6.8203,497.41,0.059038,-0.0031972,-0.23897,3.8995
7.92,4.1034,0.22432,-1.5528,0.34616,0.053354,-15.927,31.855,-0.95909,-0.54395,0.089888,4.8534,1.6185,-0.31645,-0.013058,1.5844,-1.3786,-7.0963,482.06,0.079215,-0.014127,-0.23365,3.9044
7.952,4.3417,-0.61959,-1.3174,0.34616,-0.20621,-16.453,30.853,-0.84804,-0.54446,0.052514,4.8873,2.0306,-0.24075,0.27513,1.3694,-1.5572,-7.3724,484.13,0.11288,-0.023282,-0.22217,3.9121
7.972,4.3352,-1.5685,-1.0027,0.34616,-0.46578,-16.979,30.048,-0.74156,-0.57,0.023371,4.907,2.3276,-0.20234,0.59061,1.3415,-1.6837,-8.5117,499.61,0.14959,-0.030798,-0.20363,3.9171
7.999,4.1373,-2.4031,-0.6332,0.34616,-0.90343,-17.102,29.813,-0.64444,-0.6201,0.0058889,4.9318,2.4979,-0.23013,0.84856,1.3136,-1.8103,-9.6511,521.67,0.18848,-0.03834,-0.17839,3.9238
8.02,3.8498,-2.8602,-0.24978,0.34616,-1.3411,-17.225,30.615,-0.54569,-0.68094,-0.0028961,4.9504,2.5521,-0.34461,0.97313,1.0794,-1.9106,-10.558,541.43,0.23676,-0.047504,-0.14742,3.9294
8.051,3.5933,-2.6823,0.096452,1.3599,-2.3207,-17.225,32.888,-0.44589,-0.74635,-0.0048783,4.9774,2.5157,-0.54537,0.91672,0.84516,-2.011,-11.464,549.57,0.29049,-0.060196,-0.11378,3.9384
8.073,3.4746,-1.6851,0.35507,2.3736,-3.3004,-17.225,36.958,-0.35851,-0.80843,0.0011783,4.9967,2.4234,-0.80299,0.67049,0.5802,-2.011,-12.278,538.35,0.33638,-0.07879,-0.083519,3.9456
8.099,3.552,0.17435,0.48952,2.7942,-3.3345,-17.225,43.011,-0.27956,-0.83137,0.01344,5.0193,2.3122,-1.0554,0.2683,0.31523,-2.011,-13.092,503.68,0.3746,-0.1032,-0.062929,3.9552
8.12,3.811,2.7533,0.48223,3.2147,-3.3686,-17.225,51.102,-0.18853,-0.77924,0.026646,5.0369,2.2142,-1.2152,-0.21997,-0.80949,-1.7841,-14.258,446.23,0.41708,-0.13126,-0.054326,3.9638
8.152,4.1612,5.7193,0.3421,3.2147,-3.3686,-15.909,61.239,-0.083735,-0.66336,0.038105,5.0602,2.1533,-1.1861,-0.70174,-1.9342,-1.5572,-15.425,371.33,0.46246,-0.16225,-0.055813,3.9785
8.172,4.4489,8.6065,0.1015,3.2147,-3.3686,-14.592,73.515,0.017926,-0.5082,0.046959,5.0718,2.1442,-0.88794,-1.0796,-3.3971,-1.4245,-16.357,287.31,0.49892,-0.19237,-0.065209,3.9887
8.199,4.5026,10.903,-0.19386,3.2147,-3.3345,-13.798,88.211,0.11676,-0.28751,0.048958,5.0823,2.1917,-0.28284,-1.2717,-4.86,-1.2919,-17.29,203.27,0.53232,-0.20829,-0.081936,4.0036
8.22,4.1785,12.166,-0.48966,3.2147,-3.3004,-13.004,105.88,0.22733,0.031179,0.040108,5.0867,2.2917,0.60462,-1.2282,-6.0211,-1.1538,-18.442,126.97,0.58066,-0.1976,-0.10382,4.0161
8.258,3.4097,12.136,-0.73844,1.8289,-2.3394,-12.494,127.34,0.33823,0.39084,0.024125,5.0996,2.4323,1.6798,-0.94318,-7.1821,-1.0158,-19.595,63.55,0.63962,-0.16411,-0.12395,4.0402
8.279,2.2399,10.801,-0.90761,0.44318,-1.3783,-11.984,153.6,0.41341,0.68112,0.0081502,5.1133,2.5962,2.7877,-0.45587,-7.1821,-0.36737,-21.062,15.268,0.68749,-0.11774,-0.13293,4.0546
8.299,0.82255,8.3982,-0.98015,0.44318,-1.2374,-11.166,185.72,0.43721,0.8676,-0.0072986,5.1304,2.7628,3.74,0.1557,-7.1821,0.28107,-22.529,-17.933,0.72536,-0.053145,-0.12425,4.0689
8.321,-0.60407,5.363,-0.95764,0.44318,-1.0965,-10.348,224.55,0.42581,1.0018,-0.026205,5.1526,2.9112,4.3532,0.79039,-7.1821,0.28107,-22.529,-37.628,0.77675,0.041572,-0.097591,4.0853
8.352,-1.7715,2.2212,-0.8554,0.01193,-0.86325,-9.864,270.51,0.39422,1.1073,-0.047048,5.1873,3.0226,4.4895,1.3449,-7.1821,0.28107,-22.529,-46.229,0.84517,0.15691,-0.057719,4.1104
8.373,-2.4489,-0.52995,-0.69679,-0.41932,-0.63002,-9.3798,323.38,0.34291,1.1457,-0.063315,5.2119,3.081,4.0911,1.7327,-7.0164,0.28107,-22.529,-46.502,0.9095,0.26416,-0.0097929,4.129
8.399,-2.5047,-2.5294,-0.50657,-0.96521,-0.37642,-8.0679,382.16,0.27797,1.0998,-0.072616,5.2416,3.0714,3.1947,1.9007,-6.8506,0.28107,-22.529,-41.296,0.9639,0.34562,0.04427,4.1542
8.42,-1.9432,-3.6152,-0.30489,-1.5111,-0.12283,-6.756,445.12,0.21781,1.0108,-0.077684,5.2643,2.9828,1.9297,1.8391,-6.553,-0.58559,-20.19,-33.331,1.0243,0.40279,0.10318,4.1762
8.452,-0.90739,-3.8342,-0.10466,-1.5111,0.2517,-5.504,509.9,0.17734,0.91858,-0.079469,5.2956,2.8056,0.49225,1.5799,-6.2555,-1.4523,-17.851,-24.92,1.0918,0.43568,0.16083,4.2122
8.472,0.3584,-3.3974,0.087182,-1.5111,0.62623,-4.252,573.79,0.16227,0.83014,-0.075938,5.3133,2.5284,-0.89825,1.1828,-6.2555,-1.6572,-14.364,-17.786,1.1471,0.43533,0.20837,4.2362
8.499,1.5693,-2.6032,0.26667,-2.2527,1.0913,-2.8796,634.04,0.17645,0.75079,-0.066699,5.3351,2.1402,-2.0417,0.72055,-6.2555,-1.8621,-10.876,-12.864,1.1847,0.39929,0.24258,4.2696
8.519,2.4745,-1.7503,0.42718,-2.9943,1.5563,-1.5072,688.25,0.22028,0.69421,-0.053293,5.3502,1.6316,-2.7963,0.26129,-6.2555,-1.9023,-6.6046,-10.372,1.2175,0.33791,0.26672,4.2949
8.551,2.915,-1.0675,0.55866,-2.9943,1.6938,-0.71352,734.61,0.28397,0.65798,-0.03605,5.3733,1.0019,-3.1012,-0.14618,-6.2555,-1.9425,-2.333,-9.9557,1.2448,0.26324,0.28247,4.3358
8.572,2.8572,-0.67243,0.64614,-2.9943,1.8313,0.080159,772.09,0.35179,0.62775,-0.014973,5.3884,0.26028,-2.9797,-0.47779,-6.9987,-1.9425,1.3668,-10.957,1.25,0.18412,0.2879,4.3627
8.603,2.3899,-0.5758,0.67327,-2.9943,1.8313,0.56326,800.57,0.41126,0.60164,0.0077167,5.4107,-0.56657,-2.5224,-0.7322,-7.742,-1.9425,5.0667,-12.642,1.2306,0.11143,0.2846,4.4019
8.625,1.686,-0.70822,0.62929,-2.9943,1.8313,1.0464,820.74,0.45485,0.58269,0.029122,5.427,-1.4351,-1.8578,-0.92296,-7.742,-1.9425,8.2488,-14.416,1.1977,0.056379,0.27806,4.4291
8.651,0.94901,-0.95861,0.51109,-2.9824,1.8313,1.8381,833.95,0.47891,0.56041,0.048029,5.4462,-2.2866,-1.1198,-1.0666,-7.742,-1.9425,11.431,-15.889,1.1481,0.022315,0.26933,4.4601
8.672,0.35401,-1.2192,0.32867,-2.9705,1.8313,2.6299,841.96,0.48535,0.52418,0.063851,5.4615,-3.0522,-0.41806,-1.1734,-7.742,-1.8895,13.714,-16.909,1.0687,0.0052187,0.25483,4.4838
8.704,0.0026337,-1.412,0.10498,-2.9705,1.8313,3.4221,846.65,0.48104,0.48099,0.07539,5.4839,-3.6666,0.1781,-1.2422,-7.742,-1.8365,15.997,-17.479,0.96707,0.0014081,0.23581,4.5169
8.725,-0.093866,-1.5,-0.12795,-2.9705,1.8313,4.2142,849.77,0.47266,0.44109,0.081805,5.4981,-4.0779,0.64183,-1.2637,-6.8069,-1.3652,17.46,-17.727,0.86462,0.0099873,0.21851,4.5366
8.751,-0.0065432,-1.4817,-0.33539,-2.9705,1.8313,4.6907,852.64,0.4636,0.40151,0.082906,5.5147,-4.2608,0.9788,-1.2277,-5.8718,-0.8938,18.923,-17.768,0.76246,0.0297,0.20424,4.5582
8.772,0.14356,-1.3794,-0.48683,-2.9705,1.8313,5.1671,855.98,0.45573,0.35772,0.078835,5.5274,-4.2261,1.2094,-1.1318,-5.5038,-0.50919,19.249,-17.693,0.64785,0.057733,0.18904,4.5736
8.804,0.2275,-1.2256,-0.56302,-3.0294,1.8853,6.3671,859.8,0.45056,0.31582,0.071455,5.5457,-4.0219,1.3512,-0.98945,-5.1358,-0.12458,19.576,-17.544,0.52845,0.090776,0.17391,4.5932
8.824,0.14815,-1.0552,-0.55897,-3.0883,1.9393,7.5671,863.32,0.44677,0.28193,0.064368,5.5568,-3.7303,1.4074,-0.83004,-5.1358,-0.12458,19.576,-17.265,0.42541,0.12537,0.16467,4.6035
8.851,-0.1336,-0.90218,-0.48486,-3.386,2.051,8.0316,865.06,0.4381,0.25258,0.059491,5.571,-3.4519,1.3645,-0.69447,-5.1358,-0.12458,19.576,-16.742,0.33747,0.15875,0.16146,4.6152
8.872,-0.59061,-0.79944,-0.36363,-3.6837,2.1628,8.4961,862.86,0.41759,0.22314,0.056103,5.5815,-3.2851,1.2,-0.62322,-4.53,-0.12458,19.576,-15.882,0.2459,0.18987,0.15859,4.6231
8.903,-1.1398,-0.77984,-0.22681,-3.6837,2.0704,9.2845,854.24,0.38407,0.19474,0.054686,5.5957,-3.3024,0.89602,-0.64374,-3.9243,-0.12458,19.576,-14.658,0.14914,0.21759,0.15423,4.633
8.925,-1.667,-0.85635,-0.10997,-3.6837,1.978,10.073,836.6,0.3408,0.16795,0.057399,5.6049,-3.5318,0.45294,-0.75965,-3.6942,-0.12458,19.252,-13.213,0.058788,0.23748,0.15044,4.6393
8.951,-2.0578,-1.0294,-0.046937,-3.6837,1.978,10.97,807.66,0.28789,0.13821,0.063348,5.6143,-3.9423,-0.10028,-0.94763,-3.4642,-0.12458,18.928,-11.846,-0.032249,0.24306,0.14456,4.6465
8.972,-2.2278,-1.2802,-0.065894,-3.6837,1.978,11.867,765.77,0.22387,0.1012,0.068602,5.6207,-4.4447,-0.70692,-1.1624,-3.4635,-0.024387,17.803,-11.019,-0.14325,0.23166,0.13099,4.6524
9.004,-2.1413,-1.5442,-0.18614,-3.4101,1.9586,13.055,710.3,0.15546,0.057335,0.07169,5.6278,-4.9064,-1.2899,-1.3477,-3.4628,0.075803,16.678,-11.294,-0.27215,0.20686,0.11073,4.6627
9.024,-1.8236,-1.7287,-0.41386,-3.1364,1.9393,14.244,641.92,0.095613,0.0096996,0.072731,5.6311,-5.1784,-1.77,-1.4545,-2.5488,0.1228,15.204,-13.221,-0.39983,0.17298,0.089735,4.6705
9.051,-1.3531,-1.7299,-0.74013,-3.0787,1.9586,15.035,562.66,0.049093,-0.038543,0.067356,5.6339,-5.1288,-2.0825,-1.4513,-1.6348,0.1698,13.73,-17.135,-0.52181,0.12982,0.069474,4.6836
9.072,-0.84817,-1.4607,-1.1401,-3.021,1.978,15.825,475.84,0.011146,-0.084117,0.049726,5.6358,-4.6797,-2.1934,-1.335,-1.0522,0.2116,13.16,-22.951,-0.64567,0.077284,0.047856,4.696
9.104,-0.44104,-0.87874,-1.5722,-3.0131,1.978,17.531,385.78,-0.019221,-0.12207,0.021189,5.6389,-3.8324,-2.11,-1.1301,-0.46955,0.2534,12.589,-29.999,-0.76217,0.022385,0.027571,4.7183
9.124,-0.25005,-0.0066611,-1.9816,-3.0052,1.978,19.236,297.3,-0.039226,-0.14389,-0.013044,5.6413,-2.6725,-1.873,-0.87687,-0.18528,0.3066,11.666,-36.96,-0.84796,-0.024847,0.01475,4.7343
9.151,-0.35367,1.0604,-2.3096,-2.5421,2.1236,20.441,215.18,-0.056133,-0.13923,-0.05442,5.6449,-1.3575,-1.5487,-0.61959,0.098978,0.3598,10.742,-41.907,-0.8942,-0.062067,0.01045,4.7575
9.172,-0.76915,2.1666,-2.5026,-2.0789,2.2693,21.646,143.56,-0.084278,-0.10327,-0.10739,5.6479,-0.088376,-1.2104,-0.3936,0.098978,0.39157,9.949,-42.463,-0.91011,-0.093893,0.010712,4.7764
9.204,-1.4518,3.1235,-2.5228,1.3794,3.5226,21.646,85.453,-0.12766,-0.042168,-0.16653,5.6534,0.93526,-0.92251,-0.21628,0.098978,0.42334,9.1558,-35.992,-0.90298,-0.12124,0.013811,4.8053
9.225,-2.298,3.7487,-2.3562,4.8378,4.7759,21.646,42.402,-0.18276,0.032415,-0.21925,5.6584,1.5593,-0.72554,-0.086961,1.2312,0.42334,8.8331,-19.776,-0.87513,-0.14044,0.021169,4.8241
9.251,-3.1685,3.9069,-2.0181,5.0023,4.7759,21.646,14.372,-0.25607,0.11266,-0.26078,5.6668,1.709,-0.63081,0.0075649,2.3634,0.42334,8.5105,8.7636,-0.83563,-0.15303,0.032426,4.8465
9.272,-3.9167,3.5424,-1.5532,5.1668,4.7759,21.646,-0.10998,-0.35806,0.19419,-0.2951,5.6758,1.4067,-0.6234,0.083483,2.3634,0.42334,7.3737,51.737,-0.79814,-0.16619,0.045168,4.864
9.304,-4.4162,2.6938,-1.0266,5.1668,4.7759,19.646,-3.6392,-0.48118,0.26733,-0.32201,5.6937,0.76318,-0.67028,0.14891,2.3634,0.42334,6.2368,110.21,-0.7706,-0.18225,0.05869,4.8896
9.325,-4.5882,1.4887,-0.51223,5.1668,4.7759,17.645,0.57724,-0.60483,0.3156,-0.33515,5.7081,-0.048744,-0.73431,0.20101,2.3594,0.42334,5.0915,183.42,-0.75749,-0.19752,0.0738,4.9062
9.352,-4.4111,0.11788,-0.080276,5.1668,3.4427,15.053,9.2258,-0.72056,0.3262,-0.33317,5.7295,-0.83454,-0.78107,0.22796,2.3555,0.42334,3.9462,268.03,-0.7647,-0.2118,0.089852,4.9276
9.372,-3.9201,-1.2036,0.2175,5.1668,2.1096,12.461,19.337,-0.83255,0.29971,-0.32236,5.7472,-1.4272,-0.79583,0.21167,2.3594,0.40011,2.5019,357.85,-0.79235,-0.22884,0.1052,4.944
9.404,-3.1943,-2.2791,0.3554,4.7621,1.251,9.4633,28.638,-0.9367,0.24696,-0.30797,5.7778,-1.7244,-0.78126,0.14006,2.3634,0.37687,1.0575,444.36,-0.83027,-0.24764,0.11925,4.9711
9.424,-2.3316,-2.9658,0.33613,4.3575,0.39233,6.4654,35.721,-1.019,0.17797,-0.29175,5.7984,-1.6969,-0.75043,0.015994,2.3634,0.15885,0.22246,518.31,-0.86742,-0.26355,0.13145,4.9891
9.451,-1.4254,-3.1975,0.18853,3.1755,0.007794,3.5376,40.018,-1.0736,0.097703,-0.27689,5.8272,-1.3905,-0.7225,-0.14137,2.3634,-0.059174,-0.61259,571.85,-0.89931,-0.27721,0.13971,5.0142
9.472,-0.54616,-2.989,-0.042648,1.9935,-0.20428,0.60979,41.671,-1.1063,0.011916,-0.26769,5.8503,-0.90722,-0.70931,-0.29736,2.364,-0.1681,-1.7538,600.68,-0.9233,-0.29282,0.14261,5.0345
9.504,0.26989,-2.4239,-0.30583,1.9935,-0.20428,0.60979,41.277,-1.1222,-0.067479,-0.2648,5.8862,-0.37097,-0.71173,-0.41245,2.3646,-0.27702,-2.895,605.16,-0.93539,-0.30956,0.14179,5.0659
9.525,1.0172,-1.6309,-0.55347,0.686,-0.20428,-4.7563,39.619,-1.1205,-0.12756,-0.26655,5.9099,0.10405,-0.71691,-0.45547,2.3646,-0.46011,-3.7222,590.16,-0.93439,-0.32387,0.13995,5.0868
9.551,1.7132,-0.75461,-0.75146,-0.62148,-0.20428,-10.122,37.444,-1.0993,-0.16331,-0.2733,5.9391,0.43922,-0.70565,-0.41371,2.3646,-0.64321,-4.5494,563.55,-0.92291,-0.33687,0.13818,5.1126
9.572,2.3824,0.072023,-0.88205,-0.68504,-0.20428,-12.621,35.291,-1.0579,-0.17804,-0.28593,5.9622,0.60369,-0.66137,-0.29978,2.9502,-0.81842,-5.4264,534.11,-0.90384,-0.35126,0.13695,5.1333
9.605,3.0404,0.74795,-0.94313,-0.7486,-0.031817,-15.12,33.447,-0.99689,-0.17617,-0.30238,5.997,0.61271,-0.58215,-0.14975,3.5359,-0.99363,-6.3034,509.52,-0.88087,-0.36513,0.13803,5.1651
9.625,3.6856,1.2149,-0.944,-1.2041,0.0094254,-16.284,31.967,-0.91893,-0.16006,-0.31933,6.0169,0.51637,-0.48883,-0.013848,3.5359,-1.0367,-7.1331,494.9,-0.85927,-0.37567,0.14284,5.1843
9.657,4.2948,1.4586,-0.90065,-1.6596,0.050668,-17.447,30.769,-0.82666,-0.13364,-0.33521,6.0462,0.3808,-0.42386,0.056981,3.5359,-1.0797,-7.9629,492.16,-0.84135,-0.38426,0.15004,5.2142
9.678,4.8277,1.5014,-0.82988,-1.6596,0.35478,-17.043,29.764,-0.72203,-0.10426,-0.34928,6.0636,0.27236,-0.4416,0.02591,3.5359,-1.2571,-8.8261,499.83,-0.82507,-0.39283,0.15684,5.2338
9.705,5.2363,1.3914,-0.74352,-1.6596,0.6589,-16.64,28.953,-0.61073,-0.078258,-0.36052,6.0835,0.24356,-0.58887,-0.11874,3.5359,-1.4346,-9.6893,513.31,-0.80963,-0.40165,0.16124,5.2587
9.726,5.4787,1.1884,-0.64662,-1.6596,0.6589,-16.64,28.494,-0.49882,-0.057307,-0.36889,6.0969,0.32795,-0.88129,-0.35795,3.3451,-1.4346,-10.549,525.69,-0.79543,-0.41405,0.1615,5.2779
9.752,5.531,0.95149,-0.53684,-1.6596,0.6589,-16.64,28.706,-0.38245,-0.040305,-0.3753,6.1112,0.5356,-1.2856,-0.64714,3.1543,-1.4346,-11.408,529.07,-0.77764,-0.43632,0.15488,5.3014
9.773,5.3946,0.72973,-0.40678,-1.6596,0.6589,-16.64,30.032,-0.25437,-0.026879,-0.37966,6.1211,0.85778,-1.7102,-0.92276,2.5924,-1.4018,-11.992,516.41,-0.74913,-0.47088,0.13946,5.3203
9.805,5.1005,0.55569,-0.24784,-1.6596,0.6589,-16.64,32.935,-0.1235,-0.017724,-0.38093,6.134,1.2691,-2.0137,-1.1154,2.0305,-1.3691,-12.576,483.44,-0.71019,-0.51462,0.11697,5.3486
9.826,4.7028,0.44368,-0.054242,-1.2041,0.35478,-15.88,37.824,-0.0096532,-0.012807,-0.37825,6.1415,1.7271,-2.0355,-1.1681,1.7231,-1.3691,-13.997,430.01,-0.66498,-0.56177,0.092173,5.367
9.853,4.2667,0.39085,0.17215,-0.7486,0.050668,-15.12,44.947,0.084614,-0.010384,-0.37033,6.1511,2.1781,-1.6356,-1.0475,1.4157,-1.3691,-15.419,360.17,-0.61009,-0.60235,0.069632,5.3902
9.873,3.8523,0.38166,0.41832,0.5486,-0.20983,-13.953,54.359,0.17503,-0.0081325,-0.35559,6.1583,2.5599,-0.73846,-0.75102,1.1349,-1.125,-16.331,281.06,-0.53914,-0.62353,0.051881,5.407
9.906,3.4996,0.39253,0.66234,1.8458,-0.47032,-12.787,65.943,0.26556,-0.0051508,-0.33455,6.1713,2.8125,0.63109,-0.30868,0.85409,-0.88082,-17.243,200.96,-0.45692,-0.61816,0.040856,5.4331
9.926,3.2152,0.40206,0.87502,1.8458,-0.47032,-11.483,79.503,0.34273,-0.0022723,-0.3098,6.18,2.8877,2.3343,0.22201,-0.021783,-0.57682,-18.734,127.27,-0.37571,-0.58317,0.039887,5.4477
9.953,2.9714,0.39154,1.0257,1.8458,-0.47032,-10.178,94.868,0.40386,-0.00012181,-0.28214,6.1925,2.7632,4.1323,0.76667,-0.89765,-0.27281,-20.225,65.196,-0.29967,-0.50741,0.05283,5.4648
9.973,2.7124,0.34798,1.091,1.8458,-0.47032,-9.7669,112.03,0.46327,0.0017915,-0.25033,6.2025,2.4514,5.7272,1.2486,-1.9197,0.71873,-21.174,17.276,-0.22524,-0.37834,0.080514,5.4753
10.005,2.3721,0.27031,1.0589,1.8458,-0.47032,-9.3555,131.23,0.52479,0.0032856,-0.21599,6.2198,2.0061,6.8263,1.6029,-2.9417,1.7103,-22.124,-16.182,-0.15447,-0.20725,0.11878,5.487
10.027,1.8975,0.16484,0.93415,0.22096,-0.46317,-8.5445,153.08,0.57385,0.0026395,-0.18468,6.2326,1.5048,7.2008,1.7909,-2.9417,1.7103,-22.124,-36.46,-0.095965,-0.02782,0.16124,5.4923
10.053,1.2692,0.043452,0.73937,-0.54966,-0.42025,-7.7336,178.47,0.60182,-0.0014049,-0.15996,6.2484,1.0337,6.741,1.8067,-2.9417,1.7103,-22.124,-45.708,-0.053419,0.13718,0.20364,5.4981
10.074,0.51705,-0.081327,0.51041,-0.54966,-0.38449,-7.7247,208.53,0.61443,-0.0084053,-0.14055,6.2616,0.67447,5.4888,1.6759,-2.9417,1.7103,-22.124,-46.541,-0.021939,0.28575,0.24472,5.5049
10.105,-0.27778,-0.19801,0.28905,-1.3501,-0.38449,-7.7159,244.43,0.61308,-0.017887,-0.12492,6.2809,0.4772,3.6285,1.4481,-2.9417,1.7103,-22.124,-41.725,0.0053436,0.4086,0.28352,5.5185
10.126,-0.99688,-0.29874,0.11403,-1.3501,-0.38449,-7.3245,287.13,0.59094,-0.030211,-0.11416,6.2939,0.4477,1.4509,1.1823,-2.9417,1.0464,-18.592,-33.95,0.032109,0.48072,0.31751,5.53
10.158,-1.5116,-0.37923,0.011924,-1.4039,-0.34484,-5.6414,337.15,0.55034,-0.044979,-0.10838,6.3124,0.54729,-0.70697,0.93128,-2.9417,0.38251,-15.059,-25.55,0.058862,0.49139,0.3438,5.5487
10.179,-1.7158,-0.43829,-0.0074831,-1.4039,-0.34484,-4.3496,394.32,0.50474,-0.060623,-0.10443,6.3238,0.69826,-2.5298,0.72744,-2.9417,0.36531,-11.001,-18.275,0.085822,0.45615,0.36177,5.5614
10.206,-1.5567,-0.47675,0.047705,-1.4039,-0.34484,-3.5527,457.69,0.46292,-0.076463,-0.099405,6.3373,0.80077,-3.7849,0.57602,-2.9417,0.34811,-6.9436,-13.141,0.11543,0.3898,0.374,5.5769
10.226,-1.0539,-0.49644,0.15531,-1.4039,-0.30519,-2.7558,525.46,0.42713,-0.093321,-0.092761,6.3466,0.75703,-4.361,0.45771,-5.1704,0.21087,-2.943,-10.443,0.14872,0.29455,0.38361,5.5878
10.258,-0.3008,-0.49845,0.2865,-1.7832,0.19581,-1.4129,595.11,0.40401,-0.11135,-0.083952,6.3605,0.49033,-4.2785,0.33886,-7.3992,0.073639,1.0576,-9.8845,0.17895,0.18288,0.39072,5.6035
10.28,0.55314,-0.4842,0.41306,-2.1625,0.69681,-0.070031,663.63,0.40202,-0.12891,-0.071844,6.3698,-0.043693,-3.6713,0.18575,-7.3992,-0.078003,4.7824,-10.83,0.19615,0.083539,0.39312,5.6139
10.306,1.3324,-0.45585,0.5173,-3.0434,0.69681,0.79961,727.76,0.42076,-0.1444,-0.05733,6.3812,-0.84914,-2.7451,-0.019069,-7.3992,-0.22965,8.5072,-12.555,0.19747,0.013802,0.39005,5.6258
10.327,1.8721,-0.4136,0.59546,-3.9242,0.69681,1.6693,784.47,0.45344,-0.15808,-0.042362,6.3909,-1.8861,-1.7266,-0.26877,-7.3992,-0.22965,11.121,-14.441,0.18228,-0.031845,0.38208,5.6353
10.353,2.0654,-0.36309,0.6524,-4.316,0.69681,2.8619,831.23,0.49536,-0.17111,-0.026104,6.404,-3.0746,-0.8118,-0.53155,-7.3992,-0.22965,13.735,-16.049,0.13919,-0.060138,0.3677,5.6463
10.374,1.8814,-0.31423,0.6986,-4.7079,0.69681,4.0546,866.38,0.54159,-0.18372,-0.0064057,6.4155,-4.3018,-0.12866,-0.75893,-6.2866,-0.22965,15.43,-17.153,0.055415,-0.068919,0.34472,5.6547
10.407,1.3726,-0.27473,0.74367,-4.7079,0.69118,4.8475,889.33,0.58237,-0.19502,0.015253,6.4348,-5.4302,0.28121,-0.90314,-5.174,-0.22965,17.124,-17.724,-0.061484,-0.061704,0.31564,5.6663
10.427,0.66097,-0.25198,0.78913,-4.7079,0.68555,5.6403,900.59,0.60762,-0.20461,0.035428,6.4474,-6.3096,0.45849,-0.93346,-3.0152,0.45077,17.131,-17.762,-0.19073,-0.050023,0.28629,5.6735
10.454,-0.098793,-0.24783,0.82805,-4.7079,0.53022,6.033,901.7,0.61289,-0.21339,0.054728,6.4647,-6.7951,0.50287,-0.85093,-0.85636,1.1312,17.137,-17.313,-0.32664,-0.037785,0.25888,5.6842
10.474,-0.75773,-0.25724,0.84712,-4.7079,0.37489,6.4257,894.94,0.59939,-0.22241,0.076455,6.4776,-6.7706,0.5378,-0.69069,0.12667,1.6224,17.137,-16.429,-0.47715,-0.020753,0.23209,5.6939
10.506,-1.2106,-0.26799,0.8323,-4.2369,0.37489,7.2967,883,0.57307,-0.23163,0.099701,6.4977,-6.1725,0.67202,-0.51541,1.1097,2.1135,17.137,-15.178,-0.63297,0.00011538,0.20728,5.7131
10.527,-1.4205,-0.26554,0.77705,-3.7659,0.37489,8.1677,868.45,0.54201,-0.2403,0.12006,6.5106,-5.0113,0.9677,-0.3989,1.6894,2.1635,17.137,-13.697,-0.76295,0.021734,0.18723,5.7285
10.553,-1.4231,-0.23919,0.68821,-3.7575,0.37261,8.9563,853.36,0.51016,-0.24806,0.13663,6.5259,-3.3835,1.4226,-0.40368,2.269,2.2134,17.137,-12.225,-0.8453,0.051253,0.16915,5.7498
10.574,-1.3078,-0.18983,0.58662,-3.749,0.37034,9.7448,838.85,0.47695,-0.25482,0.15213,6.5379,-1.466,1.9702,-0.56285,2.4787,2.2205,16.21,-11.15,-0.88307,0.09871,0.14651,5.7684
10.606,-1.1865,-0.13505,0.50306,-3.4483,0.37034,11.042,824.91,0.44464,-0.26026,0.16665,6.5554,0.5062,2.4973,-0.86714,2.6883,2.2276,15.283,-10.987,-0.884,0.16137,0.11702,5.7971
10.627,-1.1532,-0.10693,0.4677,-3.1475,0.37034,12.339,810.33,0.41766,-0.26423,0.17803,6.5665,2.2798,2.8744,-1.2649,2.7232,2.3457,14.155,-12.325,-0.84453,0.22925,0.081424,5.8158
10.653,-1.2546,-0.14483,0.49957,-3.1333,0.36269,13.132,792.9,0.39255,-0.26789,0.18784,6.5799,3.6291,2.9906,-1.6739,2.758,2.4637,13.028,-15.601,-0.76078,0.29992,0.036577,5.8377
10.675,-1.4743,-0.27947,0.59715,-3.1191,0.35505,13.924,769.81,0.35997,-0.27368,0.2006,6.5909,4.3986,2.782,-1.9994,2.798,2.5839,11.894,-20.921,-0.64307,0.3745,-0.021493,5.8549
10.707,-1.7414,-0.51637,0.73586,-2.7595,0.15921,15.12,738.19,0.31886,-0.28401,0.21726,6.6063,4.5362,2.2549,-2.155,2.8379,2.7041,10.76,-27.854,-0.51306,0.44475,-0.088521,5.8775
10.728,-1.9582,-0.82195,0.87335,-2.4,-0.036621,16.316,695.69,0.27658,-0.30002,0.23523,6.6162,4.0955,1.4791,-2.0854,5.6735,2.9634,9.4542,-35.302,-0.39219,0.49648,-0.15388,5.8914
10.755,-2.0386,-1.1199,0.96107,-2.1864,-0.14515,17.513,641.04,0.23491,-0.32187,0.25394,6.6288,3.2155,0.57206,-1.7778,8.5091,3.2226,8.1488,-41.487,-0.29335,0.5225,-0.21078,5.9085
10.775,-1.9431,-1.3001,0.95931,-1.9729,-0.25368,18.709,574.46,0.1902,-0.34932,0.27466,6.6383,2.0944,-0.32424,-1.2618,9.0134,3.3721,7.2416,-44.102,-0.21922,0.52507,-0.25838,5.921
10.807,-1.7003,-1.2433,0.85049,-1.8989,-0.25368,20.416,497.8,0.14654,-0.37989,0.29541,6.6538,0.94388,-1.081,-0.604,9.5177,3.5216,6.3345,-40.457,-0.16809,0.50969,-0.29536,5.9403
10.827,-1.4072,-0.85423,0.64615,-1.8248,-0.25368,22.124,414.43,0.11321,-0.40561,0.31124,6.6641,-0.056447,-1.6078,0.10689,9.7033,3.5216,5.5267,-27.677,-0.14072,0.48131,-0.3173,5.9521
10.854,-1.2023,-0.095353,0.38587,-1.7443,-0.25368,23.69,328.81,0.089104,-0.41422,0.31948,6.6781,-0.78524,-1.8706,0.77613,9.8889,3.5216,4.7188,-2.9465,-0.13781,0.44325,-0.32062,5.9673
10.874,-1.2271,0.98906,0.12751,-1.6638,-0.25368,25.256,245.94,0.06374,-0.39621,0.32124,6.6885,-1.1884,-1.8934,1.3193,9.925,3.3721,3.8039,36.184,-0.15269,0.39814,-0.30646,5.978
10.907,-1.5788,2.2681,-0.069636,1.6945,0.69025,25.256,170.65,0.031372,-0.34984,0.31827,6.7046,-1.2718,-1.742,1.6757,9.961,3.2226,2.8889,91.294,-0.17314,0.35161,-0.28109,5.9942
10.928,-2.2755,3.542,-0.1608,5.0528,1.6342,25.256,106.89,-0.0093227,-0.27752,0.31178,6.7141,-1.0871,-1.5079,1.8131,9.925,3.1876,1.7635,162.27,-0.19018,0.31173,-0.25275,6.0037
10.954,-3.2455,4.5811,-0.12754,5.0528,1.6342,25.256,57.314,-0.0664,-0.17967,0.30375,6.7244,-0.71031,-1.2809,1.7297,9.8889,3.1525,0.63814,246.42,-0.20016,0.28099,-0.22653,6.0146
10.975,-4.3386,5.1758,0.019017,5.0528,1.6342,25.256,22.883,-0.15239,-0.05666,0.29741,6.7322,-0.22161,-1.127,1.4548,9.8889,2.7412,-0.16405,337.88,-0.20042,0.25378,-0.20343,6.0228
11.007,-5.3616,5.1874,0.24126,5.0528,1.6342,24.946,2.9017,-0.2717,0.082726,0.29576,6.7448,0.3041,-1.0793,1.0408,9.8889,2.33,-0.96623,427.9,-0.18849,0.22511,-0.1857,6.0343
11.028,-6.1239,4.5807,0.48267,5.0528,1.6342,24.636,-4.6864,-0.41695,0.21842,0.30008,6.7558,0.80392,-1.1317,0.55606,9.2816,1.8191,-2.3239,506.22,-0.164,0.19557,-0.17905,6.0411
11.06,-6.4827,3.44,0.69339,4.2803,1.2274,22.54,-2.895,-0.57355,0.32806,0.30958,6.777,1.2282,-1.2491,0.07537,8.6743,1.3083,-3.6816,563.38,-0.12828,0.16561,-0.18683,6.0504
11.081,-6.3733,1.9517,0.83832,3.5078,0.82057,20.444,4.8828,-0.72449,0.39931,0.3223,6.7948,1.5406,-1.3799,-0.32868,8.6743,1.1371,-4.8126,593.14,-0.084152,0.13319,-0.20607,6.0558
11.108,-5.8146,0.35929,0.89939,3.4842,0.47453,17.142,15.406,-0.85723,0.4323,0.3363,6.8211,1.7189,-1.4735,-0.59651,8.6743,0.96589,-5.9435,594.23,-0.036551,0.099116,-0.2322,6.0622
11.128,-4.8976,-1.0867,0.87883,3.4606,0.1285,13.839,26.01,-0.96886,0.43137,0.34998,6.8432,1.7597,-1.4968,-0.68964,8.6743,0.90386,-6.5097,570.43,0.010688,0.066016,-0.26288,6.0669
11.155,-3.7514,-2.1821,0.78844,3.428,0.080431,10.436,34.869,-1.0599,0.39932,0.36217,6.8748,1.6792,-1.4456,-0.59747,8.6743,0.84183,-7.0758,529.41,0.058306,0.032291,-0.29483,6.0739
11.176,-2.5119,-2.8072,0.64234,3.3955,0.032366,7.0324,41.03,-1.1265,0.34205,0.37233,6.9009,1.5133,-1.3477,-0.34032,8.7103,0.1161,-8.1176,480.39,0.10707,-0.0042936,-0.32258,6.0799
11.208,-1.2903,-2.9412,0.44796,3.0521,0.032366,3.3475,44.308,-1.1642,0.27383,0.37936,6.941,1.3113,-1.2571,0.033505,8.7464,-0.60964,-9.1594,431.85,0.15223,-0.039703,-0.34275,6.0904
11.229,-0.15847,-2.6521,0.20687,2.7087,0.032366,-0.33745,45.04,-1.1733,0.21149,0.38051,6.968,1.1273,-1.2388,0.45555,9.0836,-0.64689,-10.627,389.94,0.18884,-0.069951,-0.3549,6.0979
11.255,0.84983,-2.0667,-0.07786,1.9022,0.032366,-3.5401,43.843,-1.154,0.16414,0.37328,7.0006,1.0059,-1.3466,0.85012,9.4208,-0.68414,-12.094,357.67,0.21961,-0.1003,-0.35751,6.1079
11.276,1.7307,-1.3318,-0.39068,1.0957,0.032366,-6.7428,41.381,-1.1057,0.1323,0.3579,7.0265,0.97314,-1.601,1.1494,10.12,-0.90568,-13.26,335,0.25076,-0.13894,-0.3492,6.1163
11.308,2.4881,-0.57827,-0.6951,0.22203,0.14735,-9.2231,38.215,-1.036,0.11518,0.33584,7.0631,1.0292,-1.9699,1.3074,10.82,-1.1272,-14.426,319.36,0.28316,-0.18642,-0.33421,6.1302
11.328,3.1234,0.10219,-0.93157,-0.65164,0.26234,-11.703,34.759,-0.95641,0.11442,0.30762,7.085,1.1471,-2.3655,1.3093,10.82,-1.3271,-15.553,306.5,0.31463,-0.23946,-0.32006,6.1392
11.355,3.6301,0.66261,-1.025,-0.65164,0.26234,-12.859,31.318,-0.86573,0.13126,0.27487,7.1117,1.2896,-2.6497,1.1734,10.82,-1.5269,-16.679,291.62,0.34738,-0.29871,-0.30967,6.1527
11.375,3.9954,1.0911,-0.90584,-0.65164,0.26234,-14.014,28.172,-0.75489,0.16327,0.24224,7.1299,1.4112,-2.6663,0.94668,10.82,-1.7296,-17.8,270.58,0.38561,-0.36462,-0.30169,6.1635
11.408,4.2163,1.3911,-0.53742,-0.65164,0.26234,-14.182,25.672,-0.62984,0.20446,0.2146,7.1555,1.472,-2.2817,0.69229,10.82,-1.9322,-18.921,241.06,0.42781,-0.42992,-0.29733,6.1837
11.428,4.306,1.5621,0.060498,-0.65164,0.26234,-14.349,24.302,-0.50876,0.24877,0.1964,7.1694,1.4588,-1.4206,0.47433,10.787,-1.9322,-20.324,203.15,0.46817,-0.48056,-0.30001,6.1971
11.455,4.2976,1.5877,0.79689,-0.29268,0.15785,-14.349,24.66,-0.39448,0.29398,0.19456,7.1856,1.3852,-0.10256,0.34349,10.753,-1.9322,-21.728,159.27,0.50447,-0.50083,-0.30881,6.2165
11.476,4.2386,1.4371,1.5166,0.066285,0.053354,-14.349,27.426,-0.27346,0.34005,0.21438,7.1972,1.287,1.5442,0.32546,9.94,-1.9322,-23.267,113.38,0.5394,-0.4797,-0.31855,6.2321
11.507,4.1729,1.0773,2.0271,0.084949,-0.090997,-14.349,33.268,-0.14447,0.38269,0.25033,7.2129,1.2155,3.2958,0.4183,9.1268,-1.9322,-24.805,69.824,0.57472,-0.41754,-0.3261,6.2555
11.529,4.122,0.49347,2.1427,0.10361,-0.23535,-14.349,42.779,-0.022532,0.41284,0.28893,7.2244,1.2227,4.8718,0.59442,8.5554,-2.2337,-25.394,32.267,0.60853,-0.32289,-0.33137,6.2716
11.555,4.0703,-0.29337,1.7366,0.25058,-0.76399,-13.564,56.386,0.088649,0.4241,0.32085,7.2383,1.3473,5.9978,0.80903,7.984,-2.5351,-25.982,3.0891,0.64032,-0.19998,-0.33312,6.2903
11.576,3.9635,-1.2165,0.782,0.39754,-1.2926,-12.779,74.396,0.20244,0.41477,0.33946,7.2502,1.608,6.4505,1.0146,7.984,-2.2486,-25.982,-16.776,0.676,-0.049894,-0.32864,6.3052
11.608,3.7184,-2.1685,-0.62455,0.39754,-1.2926,-12.385,96.999,0.32293,0.3818,0.33016,7.2686,1.9961,6.1115,1.1753,7.984,-1.9621,-25.982,-27.656,0.72405,0.11212,-0.31752,6.3291
11.629,3.254,-3.0189,-2.2747,0.39754,-1.2926,-11.992,124.37,0.43538,0.32274,0.27745,7.2809,2.4723,5.0044,1.2635,7.2748,-1.8617,-25.982,-30.836,0.78629,0.25574,-0.30252,6.346
11.661,2.5219,-3.6444,-3.8862,0.41953,-1.3254,-10.688,156.76,0.52645,0.24561,0.18335,7.2994,2.9731,3.2842,1.2665,6.5655,-1.7613,-25.982,-28.23,0.85665,0.35761,-0.28744,6.3747
11.681,1.5306,-3.9528,-5.162,0.44152,-1.3581,-9.3838,194.53,0.59435,0.16531,0.063216,7.3107,3.417,1.2116,1.1892,6.5655,-1.6993,-23.62,-22.087,0.93083,0.4109,-0.27524,6.3943
11.708,0.3701,-3.9109,-5.8627,0.83388,-1.4868,-8.9855,238.15,0.63695,0.087269,-0.075342,7.3263,3.7199,-0.89888,1.0458,6.5655,-1.6374,-21.257,-14.738,1.012,0.41217,-0.26695,6.4229
11.728,-0.80167,-3.5531,-5.86,1.2262,-1.6155,-8.5872,288.02,0.64861,0.0078113,-0.23145,7.3382,3.8075,-2.7411,0.85855,6.5655,-1.3991,-17.488,-8.1361,1.1031,0.35885,-0.2615,6.4454
11.76,-1.7911,-2.9673,-5.1655,1.6487,-1.6293,-7.3991,344.39,0.63206,-0.067946,-0.39006,7.3593,3.629,-4.0756,0.65307,6.5655,-1.1609,-13.718,-3.6205,1.1975,0.26327,-0.25862,6.4834
11.782,-2.4119,-2.2768,-3.9254,2.0712,-1.6431,-6.211,407.09,0.59985,-0.1249,-0.52222,7.3748,3.1705,-4.7724,0.45674,4.4739,-1.0724,-9.4476,-1.7833,1.2818,0.14962,-0.26058,6.5108
11.808,-2.5399,-1.6092,-2.382,1.5756,-1.6431,-5.0009,475.33,0.56255,-0.15798,-0.6101,7.3946,2.4606,-4.831,0.29458,2.3824,-0.98398,-5.1768,-2.4824,1.3459,0.032744,-0.26871,6.5447
11.829,-2.1491,-1.0698,-0.81311,1.0799,-1.6431,-3.7908,547.61,0.52602,-0.17738,-0.65762,7.411,1.5665,-4.3706,0.18688,1.8286,-0.7397,-1.1387,-5.0726,1.3875,-0.084741,-0.28014,6.5731
11.861,-1.3257,-0.71872,0.53292,1.0799,-1.6431,-2.5124,621.63,0.49962,-0.1908,-0.67566,7.437,0.58232,-3.5961,0.14307,1.2748,-0.49543,2.8995,-8.6635,1.4095,-0.19517,-0.29155,6.6177
11.882,-0.25587,-0.56041,1.4904,1.0799,-1.6431,-1.234,694.47,0.49645,-0.19657,-0.66962,7.4537,-0.38711,-2.745,0.15697,1.2748,-0.48397,6.3143,-12.376,1.4118,-0.28379,-0.30312,6.6474
11.909,0.8209,-0.56137,2.0055,1.0799,-1.6623,0.0082067,762.86,0.52335,-0.19655,-0.64336,7.4753,-1.2504,-2.0278,0.204,1.2748,-0.47251,9.729,-15.535,1.389,-0.34608,-0.31528,6.6858
11.929,1.6667,-0.66468,2.1351,1.0799,-1.6816,1.2504,823.58,0.57597,-0.19936,-0.60522,7.491,-1.9484,-1.5752,0.24404,1.2748,-0.209,12.061,-17.77,1.3395,-0.3934,-0.3257,6.7138
11.961,2.1054,-0.8032,2.008,1.0673,-1.6182,2.0524,873.94,0.64372,-0.20786,-0.56621,7.5172,-2.4685,-1.4052,0.23128,1.2748,0.054501,14.394,-18.979,1.2739,-0.43858,-0.33375,6.7575
11.982,2.0659,-0.92307,1.7792,1.0546,-1.5548,2.8544,912.18,0.71523,-0.21729,-0.53412,7.5346,-2.8457,-1.4185,0.12694,1.3711,0.3228,16.381,-19.283,1.2041,-0.48395,-0.34341,6.7851
12.009,1.5906,-0.9911,1.587,0.64626,-1.4225,3.2473,937.75,0.77952,-0.22657,-0.50884,7.5582,-3.1503,-1.4267,-0.082921,1.4673,0.5911,18.368,-18.952,1.1271,-0.525,-0.35814,6.8194
12.03,0.82095,-0.9964,1.5135,0.23795,-1.2903,3.6401,951.44,0.82776,-0.23901,-0.48471,7.577,-3.4664,-1.2059,-0.37465,1.7795,0.86134,18.368,-18.261,1.0338,-0.55975,-0.37798,6.8448
12.061,-0.050017,-0.94413,1.5739,-0.59916,-1.1318,4.5597,955.19,0.85683,-0.25276,-0.45895,7.606,-3.862,-0.56421,-0.68267,2.0916,1.1316,18.368,-17.437,0.92901,-0.58848,-0.40356,6.8808
12.082,-0.83107,-0.84947,1.7262,-1.4363,-0.97342,5.4793,951.72,0.86864,-0.26222,-0.43359,7.6254,-4.3632,0.59397,-0.90809,2.7079,1.304,18.368,-16.655,0.82306,-0.60193,-0.43593,6.9035
12.108,-1.3815,-0.73278,1.8959,-1.4363,-0.97342,6.2711,943.96,0.86476,-0.26741,-0.40688,7.6496,-4.9384,2.2265,-0.94004,3.3243,1.4765,18.368,-16.005,0.70755,-0.57698,-0.47066,6.9299
12.129,-1.6395,-0.61733,2.0082,-1.4363,-0.97342,7.0629,934.4,0.84667,-0.27209,-0.37273,7.6684,-5.4979,4.1468,-0.6843,3.8413,1.4765,18.064,-15.508,0.56516,-0.49625,-0.49995,6.9492
12.162,-1.6243,-0.53205,2.0134,-1.4363,-0.97342,7.8721,924.5,0.82248,-0.27573,-0.3329,7.6977,-5.9123,6.0571,-0.09344,4.3584,1.4765,17.76,-15.205,0.40206,-0.36817,-0.51979,6.9751
12.182,-1.413,-0.50965,1.8992,-1.4363,-0.97342,8.6813,914.36,0.80488,-0.27609,-0.29819,7.7143,-6.0422,7.6139,0.81265,4.7993,1.7728,16.527,-15.167,0.24355,-0.21312,-0.52559,6.9879
12.209,-1.1067,-0.58275,1.6904,-0.65576,-1.0828,9.497,902.53,0.79798,-0.27612,-0.2727,7.7366,-5.7774,8.5114,1.9396,5.2401,2.0692,15.295,-15.509,0.098619,-0.035946,-0.50453,7.0022
12.229,-0.79482,-0.77193,1.4342,0.12473,-1.1921,10.313,886.27,0.79554,-0.28128,-0.24996,7.7525,-5.071,8.5548,3.1337,5.7132,2.1446,14.552,-16.346,-0.04219,0.16592,-0.4462,7.0117
12.262,-0.53489,-1.0704,1.1827,0.90736,-1.2797,11.134,862.1,0.79556,-0.29326,-0.22835,7.7795,-3.9577,7.7154,4.213,6.1863,2.2201,13.808,-17.773,-0.17391,0.37132,-0.35791,7.0282
12.282,-0.34927,-1.4305,0.97785,1.69,-1.3672,11.955,826.51,0.80381,-0.3115,-0.21479,7.7954,-2.558,6.1332,5.0026,6.2031,2.1446,12.795,-19.771,-0.27206,0.53989,-0.25497,7.0407
12.309,-0.24134,-1.7589,0.84325,2.0257,-1.3672,13.167,776.74,0.81899,-0.33704,-0.20944,7.8177,-1.0573,4.0843,5.373,6.22,2.0692,11.781,-22.135,-0.32372,0.64973,-0.14077,7.0598
12.331,-0.21816,-1.9284,0.78646,2.3614,-1.3672,14.378,711.58,0.83141,-0.37036,-0.20346,7.8361,0.33266,1.9182,5.2684,6.3656,1.9631,11.197,-24.388,-0.33934,0.70841,-0.013647,7.0772
12.362,-0.30807,-1.8013,0.80683,2.3915,-1.3672,15.176,631.78,0.84004,-0.40661,-0.19464,7.8632,1.4178,-0.028075,4.7163,6.5112,1.8571,10.613,-25.754,-0.33171,0.72694,0.11222,7.1024
12.383,-0.56641,-1.2726,0.89807,2.4216,-1.3672,15.973,540.2,0.8502,-0.43458,-0.18827,7.8816,2.0635,-1.4985,3.8162,6.5112,1.8571,9.7871,-25.233,-0.30508,0.706,0.2135,7.12
12.409,-1.0606,-0.30729,1.0612,3.2723,-0.86733,16.914,441.52,0.85272,-0.44054,-0.1815,7.9049,2.2238,-2.3672,2.7157,6.5112,1.8571,8.9608,-21.635,-0.2661,0.65002,0.28277,7.1407
12.43,-1.8435,1.0317,1.3033,4.123,-0.36747,17.855,341.64,0.82989,-0.41502,-0.16477,7.9231,1.9461,-2.6464,1.5796,6.5112,1.704,7.8324,-13.807,-0.22738,0.57568,0.32888,7.1567
12.462,-2.9213,2.5724,1.6232,4.123,-0.24647,19.101,246.83,0.7817,-0.35701,-0.13832,7.9499,1.3573,-2.462,0.55782,6.5112,1.551,6.7041,-0.81761,-0.19875,0.50113,0.35622,7.1788
12.482,-4.233,4.06,2.0072,4.123,-0.12547,20.348,162.83,0.71698,-0.26893,-0.10899,7.9643,0.63288,-2.0029,-0.23686,6.4602,0.90334,6.2131,17.739,-0.18528,0.43659,0.36147,7.1918
12.509,-5.6456,5.2062,2.4226,6.1604,1.4511,20.348,94.045,0.62229,-0.15001,-0.072699,7.981,-0.045919,-1.4652,-0.74197,6.4092,0.2557,5.7222,41.495,-0.19038,0.38485,0.34776,7.2079
12.53,-6.976,5.7553,2.8193,8.1979,3.0276,20.348,42.962,0.47561,-0.0019764,-0.018998,7.9904,-0.53376,-1.0051,-0.94488,5.2599,0.047157,4.591,69.076,-0.2123,0.34399,0.32597,7.2198
12.562,-8.0277,5.5498,3.1349,8.1979,3.0276,20.348,9.9195,0.28861,0.15805,0.048846,8.0002,-0.75008,-0.71101,-0.87662,4.1106,-0.16138,3.4599,98.009,-0.24252,0.31041,0.30418,7.2366
12.584,-8.636,4.5741,3.31,8.1979,3.0276,20.348,-6.6762,0.097135,0.29955,0.11659,8.0052,-0.6913,-0.60164,-0.5998,4.1106,-0.28812,2.6228,124.92,-0.27279,0.28184,0.28675,7.2481
12.61,-8.7056,2.9683,3.2973,7.9174,3.0276,19.998,-9.9357,-0.087391,0.39818,0.17967,8.0144,-0.42314,-0.63871,-0.19671,4.1106,-0.41487,1.7856,146.08,-0.29898,0.25571,0.27932,7.2613
12.631,-8.2281,1.0035,3.0735,7.6369,3.0276,19.649,-3.8305,-0.27796,0.44893,0.24381,8.0255,-0.054166,-0.76003,0.24132,4.1106,-0.54159,1.4813,158.3,-0.31782,0.22713,0.28517,7.2721
12.662,-7.2819,-0.9786,2.649,7.6369,2.1215,17.183,7.5057,-0.46697,0.45828,0.30669,8.0464,0.29591,-0.90354,0.62448,4.1106,-0.66832,1.177,159.82,-0.32749,0.19353,0.30148,7.2876
12.684,-6.0072,-2.6395,2.0608,7.6369,1.2153,14.717,20.401,-0.62231,0.43042,0.35538,8.0649,0.53295,-1.022,0.87359,4.1168,-0.80483,0.034247,150.97,-0.33089,0.15773,0.32436,7.2987
12.709,-4.5668,-3.7182,1.3683,7.6369,0.66331,12.216,32.081,-0.72964,0.36685,0.38241,8.0879,0.61049,-1.0921,0.93117,4.123,-0.94135,-1.1086,134.26,-0.33187,0.12171,0.35193,7.3113
12.73,-3.1154,-4.0841,0.64102,7.6369,0.1113,9.7144,40.858,-0.80414,0.27694,0.39195,8.109,0.53944,-1.1092,0.77016,4.7367,-1.1825,-1.9203,113.8,-0.3314,0.08304,0.38043,7.3221
12.763,-1.7654,-3.7576,-0.056307,7.5988,0.1113,6.8446,46.087,-0.85795,0.18213,0.38913,8.1421,0.37892,-1.0787,0.40188,5.3504,-1.4237,-2.732,94.332,-0.33173,0.041528,0.40425,7.339
12.783,-0.57766,-2.8923,-0.67187,7.5606,0.1113,3.9747,47.925,-0.88386,0.10584,0.37287,8.1636,0.21339,-1.0079,-0.12267,5.3504,-1.8252,-3.5433,80.266,-0.33735,0.0024063,0.41952,7.3494
12.81,0.42938,-1.7286,-1.1728,6.7914,0.1113,1.0963,47.041,-0.87437,0.060045,0.34067,8.1915,0.12388,-0.90277,-0.71843,5.3504,-2.2268,-4.3545,74.904,-0.34773,-0.031435,0.42234,7.3636
12.83,1.2685,-0.53042,-1.5455,6.0222,0.1113,-1.7822,44.309,-0.83688,0.043148,0.29461,8.2123,0.16014,-0.7694,-1.282,5.3504,-2.2882,-4.9382,80.023,-0.35687,-0.06319,0.40866,7.374
12.863,1.9643,0.47556,-1.7928,4.7918,0.076771,-4.5744,40.56,-0.78532,0.048741,0.24112,8.2429,0.32513,-0.61917,-1.7121,5.3504,-2.3497,-5.5219,95.65,-0.36226,-0.094598,0.38197,7.3911
12.884,2.5411,1.144,-1.9286,3.5615,0.042244,-7.3666,36.638,-0.72583,0.071869,0.18633,8.2621,0.5754,-0.47528,-1.9326,4.5176,-2.4389,-5.7912,119.93,-0.36514,-0.12209,0.353,7.4015
12.91,3.016,1.4291,-1.9707,3.4995,0.042244,-9.8334,32.975,-0.65388,0.10735,0.13189,8.2832,0.83522,-0.36218,-1.913,3.6848,-2.5282,-6.0605,149.14,-0.36264,-0.14371,0.32688,7.414
12.931,3.401,1.3754,-1.9349,3.4376,0.042244,-12.3,29.871,-0.56488,0.14753,0.075854,8.2991,1.0247,-0.31056,-1.6771,3.6459,-2.7254,-6.9646,177.99,-0.35106,-0.16342,0.3014,7.4235
12.963,3.7071,1.0883,-1.8299,3.1539,0.042244,-13.227,27.511,-0.46546,0.18428,0.018707,8.3189,1.089,-0.34731,-1.2945,3.6071,-2.9225,-7.8687,200.53,-0.33489,-0.18522,0.28041,7.4378
12.984,3.9483,0.69466,-1.6551,2.8702,0.042244,-14.154,26.052,-0.36717,0.21172,-0.033827,8.3309,1.0162,-0.46953,-0.87405,3.3673,-2.9225,-8.1002,211.49,-0.32182,-0.20871,0.27389,7.4465
13.011,4.1403,0.30671,-1.4019,2.3424,-0.41066,-14.154,25.702,-0.26971,0.22752,-0.07666,8.3434,0.84868,-0.64484,-0.53774,3.1276,-2.9225,-8.3318,207.66,-0.31251,-0.23346,0.28179,7.4578
13.031,4.2936,-0.0028557,-1.0581,1.8146,-0.86357,-14.154,26.795,-0.16345,0.23353,-0.11063,8.3517,0.66758,-0.81085,-0.38758,2.8561,-2.7254,-8.9202,188.78,-0.30456,-0.26257,0.29399,7.466
13.063,4.4059,-0.20857,-0.61653,1.0974,-0.86357,-14.154,29.835,-0.049195,0.2338,-0.13789,8.3612,0.57014,-0.88748,-0.48592,2.5845,-2.5282,-9.5085,157.55,-0.2996,-0.29743,0.30629,7.4804
13.084,4.4542,-0.32474,-0.083231,0.38029,-0.86357,-14.154,35.563,0.060765,0.23066,-0.1548,8.3665,0.63725,-0.79685,-0.84173,1.4176,-2.2789,-10.164,118.76,-0.29716,-0.3323,0.31928,7.4897
13.111,4.3949,-0.3881,0.51313,-1.2517,-0.86357,-13.448,44.874,0.16233,0.22409,-0.15452,8.3724,0.90361,-0.48607,-1.4106,0.25065,-2.0296,-10.819,77.918,-0.28947,-0.35875,0.32385,7.5023
13.131,4.1734,-0.4375,1.1188,-2.8836,-0.86357,-12.743,58.818,0.26262,0.21462,-0.13529,8.3763,1.3421,0.053221,-2.106,-2.0322,-1.9051,-12.014,39.938,-0.26982,-0.37307,0.30782,7.5112
13.164,3.739,-0.49825,1.659,-2.9648,-0.61189,-11.935,78.425,0.361,0.20358,-0.10201,8.3855,1.8658,0.77439,-2.8191,-4.3151,-1.7805,-13.209,8.3014,-0.23844,-0.3748,0.27402,7.5264
13.185,3.0657,-0.57473,2.0493,-3.0461,-0.36022,-11.127,104.52,0.44297,0.19086,-0.060268,8.3912,2.3479,1.5797,-3.4413,-7.8553,-0.85366,-13.821,-15.178,-0.19715,-0.36067,0.23353,7.5342
13.211,2.1694,-0.65383,2.2153,-3.0912,-0.12495,-10.21,137.45,0.49571,0.17562,-0.012564,8.4002,2.6559,2.3383,-3.8858,-11.396,0.073212,-14.433,-30.171,-0.14689,-0.32608,0.18606,7.5428
13.232,1.1113,-0.7067,2.1109,-3.1364,0.11031,-9.2922,176.83,0.51902,0.15816,0.038929,8.4074,2.6885,2.9147,-4.1007,-11.396,0.53347,-15.504,-37.456,-0.09122,-0.27177,0.1255,7.5476
13.264,-0.00229,-0.7087,1.7338,-4.3186,0.42363,-7.9429,221.29,0.5191,0.13897,0.088374,8.4207,2.404,3.2005,-4.0754,-11.396,0.99373,-16.574,-38.54,-0.035564,-0.20502,0.058593,7.5533
13.285,-1.0423,-0.65092,1.136,-5.5007,0.73695,-6.5936,268.34,0.49726,0.11883,0.12664,8.4282,1.8336,3.1413,-3.8355,-11.396,0.99373,-16.574,-35.313,0.012953,-0.13642,0.0011862,7.5554
13.312,-1.8821,-0.53512,0.4113,-6.3963,1.0002,-6.19,314.49,0.4479,0.10099,0.14628,8.4378,1.074,2.7504,-3.4321,-11.396,0.99373,-16.574,-29.775,0.04239,-0.077086,-0.039632,7.5585
13.332,-2.422,-0.37869,-0.32374,-7.2918,1.2635,-5.7863,355.48,0.37066,0.088219,0.14649,8.4433,0.26177,2.1056,-2.9294,-11.051,0.99373,-16.574,-23.697,0.045475,-0.03337,-0.067368,7.5624
13.364,-2.6151,-0.20862,-0.94894,-7.2918,1.2635,-4.5953,386.84,0.28173,0.077682,0.13266,8.4513,-0.45904,1.33,-2.39,-10.707,0.99373,-16.574,-18.422,0.032797,-0.0030122,-0.085254,7.568
13.384,-2.4726,-0.055003,-1.3704,-7.2918,1.2635,-3.4043,404.54,0.20012,0.06652,0.1102,8.4541,-0.97367,0.56287,-1.8661,-10.707,0.45753,-16.381,-14.721,0.017341,0.015514,-0.090868,7.5733
13.411,-2.0605,0.058949,-1.5404,-7.2918,1.0002,-2.5346,405.63,0.12386,0.059589,0.081036,8.4567,-1.2209,-0.073001,-1.3933,-7.9399,-0.078669,-16.189,-12.801,-0.0096858,0.013249,-0.077799,7.5789
13.432,-1.4823,0.12158,-1.4649,-7.2918,0.73695,-1.6649,388.84,0.042592,0.060264,0.047822,8.4592,-1.2013,-0.49656,-0.99087,-5.1726,-0.94582,-13.348,-12.414,-0.057079,-0.0139,-0.043718,7.5836
13.464,-0.85618,0.13416,-1.1982,-7.2918,0.61863,-0.085969,354.89,-0.025871,0.057508,0.018655,8.4624,-0.97106,-0.68185,-0.66489,-5.0978,-1.813,-10.508,-13.083,-0.094745,-0.043344,-0.0026783,7.5879
13.485,-0.28921,0.10952,-0.82461,-7.2918,0.50031,1.4929,306.55,-0.046204,0.038381,0.0022534,8.467,-0.62095,-0.65603,-0.41214,-5.023,-2.9187,-7.7621,-14.26,-0.080743,-0.043755,0.019452,7.5912
